"Pop_Index","year","month","date","def"
"Pop_01",1973,1,1973-01-01,0
"Pop_01",1973,2,1973-02-01,0
"Pop_01",1973,3,1973-03-01,0
"Pop_01",1973,4,1973-04-01,0
"Pop_01",1973,5,1973-05-01,0.2
"Pop_01",1973,6,1973-06-01,8.3
"Pop_01",1973,7,1973-07-01,34.6
"Pop_01",1973,8,1973-08-01,67.7
"Pop_01",1973,9,1973-09-01,0
"Pop_01",1973,10,1973-10-01,7.8
"Pop_01",1973,11,1973-11-01,0
"Pop_01",1973,12,1973-12-01,0
"Pop_02",1973,1,1973-01-01,0
"Pop_02",1973,2,1973-02-01,0
"Pop_02",1973,3,1973-03-01,0
"Pop_02",1973,4,1973-04-01,0
"Pop_02",1973,5,1973-05-01,0
"Pop_02",1973,6,1973-06-01,7.1
"Pop_02",1973,7,1973-07-01,34.4
"Pop_02",1973,8,1973-08-01,64.9
"Pop_02",1973,9,1973-09-01,0
"Pop_02",1973,10,1973-10-01,8.5
"Pop_02",1973,11,1973-11-01,0
"Pop_02",1973,12,1973-12-01,0
"Pop_03",1973,1,1973-01-01,0
"Pop_03",1973,2,1973-02-01,0
"Pop_03",1973,3,1973-03-01,0
"Pop_03",1973,4,1973-04-01,0
"Pop_03",1973,5,1973-05-01,0
"Pop_03",1973,6,1973-06-01,4.2
"Pop_03",1973,7,1973-07-01,33.1
"Pop_03",1973,8,1973-08-01,59.7
"Pop_03",1973,9,1973-09-01,0
"Pop_03",1973,10,1973-10-01,7.7
"Pop_03",1973,11,1973-11-01,0
"Pop_03",1973,12,1973-12-01,0
"Pop_04",1973,1,1973-01-01,0
"Pop_04",1973,2,1973-02-01,0
"Pop_04",1973,3,1973-03-01,0
"Pop_04",1973,4,1973-04-01,0
"Pop_04",1973,5,1973-05-01,0
"Pop_04",1973,6,1973-06-01,2.4
"Pop_04",1973,7,1973-07-01,27.7
"Pop_04",1973,8,1973-08-01,56.2
"Pop_04",1973,9,1973-09-01,0
"Pop_04",1973,10,1973-10-01,5.5
"Pop_04",1973,11,1973-11-01,0
"Pop_04",1973,12,1973-12-01,0
"Pop_05",1973,1,1973-01-01,0
"Pop_05",1973,2,1973-02-01,0
"Pop_05",1973,3,1973-03-01,0
"Pop_05",1973,4,1973-04-01,0
"Pop_05",1973,5,1973-05-01,0
"Pop_05",1973,6,1973-06-01,4.4
"Pop_05",1973,7,1973-07-01,16.2
"Pop_05",1973,8,1973-08-01,38
"Pop_05",1973,9,1973-09-01,0
"Pop_05",1973,10,1973-10-01,0
"Pop_05",1973,11,1973-11-01,0
"Pop_05",1973,12,1973-12-01,0
"Pop_06",1973,1,1973-01-01,0
"Pop_06",1973,2,1973-02-01,0
"Pop_06",1973,3,1973-03-01,0
"Pop_06",1973,4,1973-04-01,0
"Pop_06",1973,5,1973-05-01,0
"Pop_06",1973,6,1973-06-01,7.4
"Pop_06",1973,7,1973-07-01,15.8
"Pop_06",1973,8,1973-08-01,36.1
"Pop_06",1973,9,1973-09-01,0
"Pop_06",1973,10,1973-10-01,0
"Pop_06",1973,11,1973-11-01,0
"Pop_06",1973,12,1973-12-01,0
"Pop_07",1973,1,1973-01-01,0
"Pop_07",1973,2,1973-02-01,0
"Pop_07",1973,3,1973-03-01,0
"Pop_07",1973,4,1973-04-01,0
"Pop_07",1973,5,1973-05-01,0
"Pop_07",1973,6,1973-06-01,12.8
"Pop_07",1973,7,1973-07-01,14.5
"Pop_07",1973,8,1973-08-01,33.6
"Pop_07",1973,9,1973-09-01,0
"Pop_07",1973,10,1973-10-01,0
"Pop_07",1973,11,1973-11-01,0
"Pop_07",1973,12,1973-12-01,0
"Pop_08",1973,1,1973-01-01,0
"Pop_08",1973,2,1973-02-01,0
"Pop_08",1973,3,1973-03-01,0
"Pop_08",1973,4,1973-04-01,0
"Pop_08",1973,5,1973-05-01,0
"Pop_08",1973,6,1973-06-01,13
"Pop_08",1973,7,1973-07-01,14.8
"Pop_08",1973,8,1973-08-01,33.4
"Pop_08",1973,9,1973-09-01,0
"Pop_08",1973,10,1973-10-01,0
"Pop_08",1973,11,1973-11-01,0
"Pop_08",1973,12,1973-12-01,0
"Pop_09",1973,1,1973-01-01,0
"Pop_09",1973,2,1973-02-01,0
"Pop_09",1973,3,1973-03-01,0
"Pop_09",1973,4,1973-04-01,0
"Pop_09",1973,5,1973-05-01,0
"Pop_09",1973,6,1973-06-01,13
"Pop_09",1973,7,1973-07-01,14.8
"Pop_09",1973,8,1973-08-01,33.4
"Pop_09",1973,9,1973-09-01,0
"Pop_09",1973,10,1973-10-01,0
"Pop_09",1973,11,1973-11-01,0
"Pop_09",1973,12,1973-12-01,0
"Pop_10",1973,1,1973-01-01,0
"Pop_10",1973,2,1973-02-01,0
"Pop_10",1973,3,1973-03-01,0
"Pop_10",1973,4,1973-04-01,0
"Pop_10",1973,5,1973-05-01,0
"Pop_10",1973,6,1973-06-01,17.4
"Pop_10",1973,7,1973-07-01,16.1
"Pop_10",1973,8,1973-08-01,39
"Pop_10",1973,9,1973-09-01,0
"Pop_10",1973,10,1973-10-01,0
"Pop_10",1973,11,1973-11-01,0
"Pop_10",1973,12,1973-12-01,0
"Pop_11",1973,1,1973-01-01,0
"Pop_11",1973,2,1973-02-01,0
"Pop_11",1973,3,1973-03-01,0
"Pop_11",1973,4,1973-04-01,0
"Pop_11",1973,5,1973-05-01,0
"Pop_11",1973,6,1973-06-01,17.4
"Pop_11",1973,7,1973-07-01,16.1
"Pop_11",1973,8,1973-08-01,39
"Pop_11",1973,9,1973-09-01,0
"Pop_11",1973,10,1973-10-01,0
"Pop_11",1973,11,1973-11-01,0
"Pop_11",1973,12,1973-12-01,0
"Pop_12",1973,1,1973-01-01,0
"Pop_12",1973,2,1973-02-01,0
"Pop_12",1973,3,1973-03-01,0
"Pop_12",1973,4,1973-04-01,0
"Pop_12",1973,5,1973-05-01,0
"Pop_12",1973,6,1973-06-01,15.7
"Pop_12",1973,7,1973-07-01,15.4
"Pop_12",1973,8,1973-08-01,45.4
"Pop_12",1973,9,1973-09-01,0
"Pop_12",1973,10,1973-10-01,0
"Pop_12",1973,11,1973-11-01,0.8
"Pop_12",1973,12,1973-12-01,0
"Pop_13",1973,1,1973-01-01,0
"Pop_13",1973,2,1973-02-01,0
"Pop_13",1973,3,1973-03-01,0
"Pop_13",1973,4,1973-04-01,0
"Pop_13",1973,5,1973-05-01,0
"Pop_13",1973,6,1973-06-01,13.3
"Pop_13",1973,7,1973-07-01,17.2
"Pop_13",1973,8,1973-08-01,66
"Pop_13",1973,9,1973-09-01,0
"Pop_13",1973,10,1973-10-01,0
"Pop_13",1973,11,1973-11-01,2.1
"Pop_13",1973,12,1973-12-01,0
"Pop_14",1973,1,1973-01-01,0
"Pop_14",1973,2,1973-02-01,0
"Pop_14",1973,3,1973-03-01,0
"Pop_14",1973,4,1973-04-01,0
"Pop_14",1973,5,1973-05-01,0
"Pop_14",1973,6,1973-06-01,12.3
"Pop_14",1973,7,1973-07-01,16.7
"Pop_14",1973,8,1973-08-01,65.5
"Pop_14",1973,9,1973-09-01,0
"Pop_14",1973,10,1973-10-01,0
"Pop_14",1973,11,1973-11-01,1.8
"Pop_14",1973,12,1973-12-01,0
"Pop_15",1973,1,1973-01-01,0
"Pop_15",1973,2,1973-02-01,0
"Pop_15",1973,3,1973-03-01,0
"Pop_15",1973,4,1973-04-01,0
"Pop_15",1973,5,1973-05-01,0
"Pop_15",1973,6,1973-06-01,12.4
"Pop_15",1973,7,1973-07-01,18.7
"Pop_15",1973,8,1973-08-01,73.5
"Pop_15",1973,9,1973-09-01,0
"Pop_15",1973,10,1973-10-01,0
"Pop_15",1973,11,1973-11-01,1.5
"Pop_15",1973,12,1973-12-01,0
"Pop_16",1973,1,1973-01-01,0
"Pop_16",1973,2,1973-02-01,0
"Pop_16",1973,3,1973-03-01,0
"Pop_16",1973,4,1973-04-01,0
"Pop_16",1973,5,1973-05-01,0
"Pop_16",1973,6,1973-06-01,11.7
"Pop_16",1973,7,1973-07-01,18
"Pop_16",1973,8,1973-08-01,73.3
"Pop_16",1973,9,1973-09-01,0
"Pop_16",1973,10,1973-10-01,0
"Pop_16",1973,11,1973-11-01,1.3
"Pop_16",1973,12,1973-12-01,0
"Pop_17",1973,1,1973-01-01,0
"Pop_17",1973,2,1973-02-01,0
"Pop_17",1973,3,1973-03-01,0
"Pop_17",1973,4,1973-04-01,0
"Pop_17",1973,5,1973-05-01,0
"Pop_17",1973,6,1973-06-01,8.3
"Pop_17",1973,7,1973-07-01,16.1
"Pop_17",1973,8,1973-08-01,64.8
"Pop_17",1973,9,1973-09-01,0
"Pop_17",1973,10,1973-10-01,0
"Pop_17",1973,11,1973-11-01,0
"Pop_17",1973,12,1973-12-01,0
