Boltonia_004	decurrens
Boltonia_005	decurrens
Boltonia_006	decurrens
Boltonia_007	decurrens
Boltonia_008	decurrens
Boltonia_009	decurrens
Boltonia_010	asteroides
Boltonia_012	decurrens
Boltonia_013	decurrens
Boltonia_014	decurrens
Boltonia_015	decurrens
Boltonia_016	decurrens
Boltonia_017	decurrens
Boltonia_018	asteroides
Boltonia_019	decurrens
Boltonia_020	decurrens
Boltonia_021	decurrens
Boltonia_022	decurrens
Boltonia_023	decurrens
Boltonia_024	decurrens
Boltonia_026	decurrens
Boltonia_027	decurrens
Boltonia_028	decurrens
Boltonia_029	decurrens
Boltonia_030	decurrens
Boltonia_031	decurrens
Boltonia_032	decurrens
Boltonia_033	decurrens
Boltonia_034	decurrens
Boltonia_037	decurrens
Boltonia_038	decurrens
Boltonia_039	decurrens
Boltonia_040	decurrens
Boltonia_042	decurrens
Boltonia_043	decurrens
Boltonia_044	decurrens
Boltonia_045	decurrens
Boltonia_046	decurrens
Boltonia_047	decurrens
Boltonia_048	decurrens
Boltonia_050	decurrens
Boltonia_051	decurrens
Boltonia_052	decurrens
Boltonia_053	decurrens
Boltonia_054	decurrens
Boltonia_055	decurrens
Boltonia_056	decurrens
Boltonia_057	decurrens
Boltonia_058	decurrens
Boltonia_059	decurrens
Boltonia_060	decurrens
Boltonia_061	decurrens
Boltonia_062	decurrens
Boltonia_063	decurrens
Boltonia_065	decurrens
Boltonia_066	decurrens
Boltonia_067	decurrens
Boltonia_068	asteroides
Boltonia_069	asteroides
Boltonia_070	decurrens
Boltonia_071	decurrens
Boltonia_072	decurrens
Boltonia_073	decurrens
Boltonia_074	decurrens
Boltonia_075	decurrens
Boltonia_076	decurrens
Boltonia_077	decurrens
Boltonia_078	decurrens
Boltonia_079	decurrens
Boltonia_080	decurrens
Boltonia_081	decurrens
Boltonia_082	asteroides
Boltonia_083	decurrens
Boltonia_084	decurrens
Boltonia_085	decurrens
Boltonia_086	decurrens
Boltonia_087	decurrens
Boltonia_088	decurrens
Boltonia_089	decurrens
Boltonia_090	decurrens
Boltonia_091	decurrens
Boltonia_092	decurrens
Boltonia_093	decurrens
Boltonia_094	decurrens
Boltonia_095	decurrens
Boltonia_096	decurrens
Boltonia_097	decurrens
Boltonia_098	decurrens
Boltonia_099	decurrens
Boltonia_100	decurrens
Boltonia_101	decurrens
Boltonia_102	decurrens
Boltonia_103	decurrens
Boltonia_104	asteroides
Boltonia_105	decurrens
Boltonia_106	decurrens
Boltonia_107	decurrens
Boltonia_108	decurrens
Boltonia_109	decurrens
Boltonia_110	decurrens
Boltonia_111	decurrens
Boltonia_112	decurrens
Boltonia_113	decurrens
Boltonia_115	decurrens
Boltonia_116	decurrens
Boltonia_117	decurrens
Boltonia_118	decurrens
Boltonia_119	decurrens
Boltonia_120	decurrens
Boltonia_121	decurrens
Boltonia_123	decurrens
Boltonia_124	decurrens
Boltonia_125	decurrens
Boltonia_126	decurrens
Boltonia_127	decurrens
Boltonia_128	decurrens
Boltonia_129	decurrens
Boltonia_130	decurrens
Boltonia_131	decurrens
Boltonia_132	decurrens
Boltonia_133	decurrens
Boltonia_134	decurrens
Boltonia_135	decurrens
Boltonia_136	decurrens
Boltonia_137	decurrens
Boltonia_138	decurrens
Boltonia_139	decurrens
Boltonia_140	decurrens
Boltonia_141	decurrens
Boltonia_142	decurrens
Boltonia_143	decurrens
Boltonia_144	decurrens
Boltonia_145	decurrens
Boltonia_146	decurrens
Boltonia_147	decurrens
Boltonia_148	decurrens
Boltonia_150	decurrens
Boltonia_151	decurrens
Boltonia_152	decurrens
Boltonia_153	decurrens
Boltonia_154	decurrens
Boltonia_157	decurrens
Boltonia_158	decurrens
Boltonia_159	decurrens
Boltonia_160	decurrens
Boltonia_161	decurrens
Boltonia_162	decurrens
Boltonia_163	decurrens
Boltonia_164	decurrens
Boltonia_165	decurrens
Boltonia_166	asteroides
Boltonia_167	decurrens
Boltonia_168	decurrens
Boltonia_170	decurrens
Boltonia_171	decurrens
Boltonia_172	decurrens
Boltonia_173	decurrens
Boltonia_174	decurrens
Boltonia_175	decurrens
Boltonia_177	decurrens
Boltonia_179	decurrens
Boltonia_180	decurrens
Boltonia_181	decurrens
Boltonia_182	decurrens
Boltonia_183	decurrens
Boltonia_184	decurrens
Boltonia_185	decurrens
Boltonia_186	decurrens
Boltonia_187	decurrens
Boltonia_188	decurrens
Boltonia_189	decurrens
Boltonia_190	decurrens
Boltonia_191	decurrens
Boltonia_192	decurrens
Boltonia_193	decurrens
Boltonia_194	decurrens
Boltonia_195	decurrens
Boltonia_197	decurrens
Boltonia_198	decurrens
Boltonia_199	asteroides
Boltonia_200	decurrens
Boltonia_201	decurrens
Boltonia_202	decurrens
Boltonia_203	decurrens
Boltonia_204	decurrens
Boltonia_205	decurrens
Boltonia_206	asteroides
Boltonia_207	decurrens
Boltonia_208	decurrens
Boltonia_209	decurrens
Boltonia_210	decurrens
Boltonia_211	decurrens
Boltonia_212	decurrens
Boltonia_213	decurrens
Boltonia_214	decurrens
Boltonia_215	decurrens
Boltonia_216	asteroides
Boltonia_217	decurrens
Boltonia_218	decurrens
Boltonia_219	decurrens
Boltonia_220	decurrens
Boltonia_221	decurrens
Boltonia_222	decurrens
Boltonia_223	asteroides
Boltonia_224	decurrens
Boltonia_225	decurrens
Boltonia_227	decurrens
Boltonia_228	decurrens
Boltonia_229	decurrens
Boltonia_230	decurrens
Boltonia_231	decurrens
Boltonia_232	decurrens
Boltonia_233	decurrens
Boltonia_234	decurrens
Boltonia_235	decurrens
Boltonia_236	decurrens
Boltonia_237	decurrens
Boltonia_238	decurrens
Boltonia_239	decurrens
Boltonia_240	decurrens
Boltonia_241	decurrens
Boltonia_242	decurrens
Boltonia_243	decurrens
Boltonia_244	decurrens
Boltonia_245	decurrens
Boltonia_246	decurrens
Boltonia_247	decurrens
Boltonia_248	decurrens
Boltonia_249	decurrens
Boltonia_250	decurrens
Boltonia_251	decurrens
Boltonia_252	asteroides
Boltonia_254	decurrens
Boltonia_256	decurrens
Boltonia_257	decurrens
Boltonia_258	decurrens
Boltonia_259	decurrens
Boltonia_260	decurrens
Boltonia_261	decurrens
Boltonia_263	decurrens
Boltonia_264	decurrens
Boltonia_265	decurrens
Boltonia_267	decurrens
Boltonia_268	decurrens
Boltonia_269	decurrens
Boltonia_270	decurrens
Boltonia_271	decurrens
Boltonia_272	decurrens
Boltonia_273	decurrens
Boltonia_274	decurrens
Boltonia_275	decurrens
Boltonia_276	decurrens
Boltonia_277	decurrens
Boltonia_278	decurrens
Boltonia_279	decurrens
Boltonia_280	decurrens
Boltonia_281	decurrens
Boltonia_282	decurrens
Boltonia_284	decurrens
Boltonia_285	decurrens
Boltonia_286	decurrens
Boltonia_287	decurrens
Boltonia_288	decurrens
Boltonia_289	decurrens
Boltonia_290	decurrens
Boltonia_291	decurrens
Boltonia_293	decurrens
Boltonia_294	decurrens
Boltonia_295	decurrens
Boltonia_296	decurrens
Boltonia_298	decurrens
Boltonia_299	decurrens
Boltonia_301	decurrens
Boltonia_302	decurrens
Boltonia_303	decurrens
Boltonia_304	decurrens
Boltonia_305	decurrens
Boltonia_306	decurrens
Boltonia_307	decurrens
Boltonia_308	decurrens
Boltonia_309	decurrens
Boltonia_310	decurrens
Boltonia_311	decurrens
Boltonia_312	decurrens
Boltonia_313	decurrens
Boltonia_314	asteroides
Boltonia_315	decurrens
Boltonia_316	decurrens
Boltonia_317	decurrens
Boltonia_318	decurrens
Boltonia_319	asteroides
Boltonia_320	decurrens
Boltonia_322	decurrens
Boltonia_323	decurrens
Boltonia_324	decurrens
Boltonia_325	decurrens
Boltonia_326	decurrens
Boltonia_327	decurrens
Boltonia_328	asteroides
Boltonia_329	decurrens
Boltonia_330	decurrens
Boltonia_331	decurrens
Boltonia_332	decurrens
Boltonia_334	decurrens
Boltonia_335	decurrens
Boltonia_336	decurrens
Boltonia_337	decurrens
Boltonia_338	decurrens
Boltonia_339	decurrens
Boltonia_340	asteroides
Boltonia_341	decurrens
Boltonia_342	decurrens
Boltonia_343	decurrens
Boltonia_344	decurrens
Boltonia_345	decurrens
Boltonia_347	asteroides
Boltonia_349	decurrens
Boltonia_350	decurrens
Boltonia_351	decurrens
Boltonia_352	decurrens
Boltonia_353	decurrens
Boltonia_354	decurrens
Boltonia_355	decurrens
Boltonia_356	decurrens
Boltonia_357	asteroides
Boltonia_358	decurrens
Boltonia_359	decurrens
Boltonia_360	decurrens
Boltonia_361	decurrens
Boltonia_362	decurrens
Boltonia_363	decurrens
Boltonia_364	decurrens
Boltonia_365	decurrens
Boltonia_366	decurrens
Boltonia_367	decurrens
Boltonia_370	decurrens
Boltonia_371	decurrens
Boltonia_372	decurrens
Boltonia_373	decurrens
Boltonia_374	decurrens
Boltonia_375	decurrens
Boltonia_376	decurrens
Boltonia_377	decurrens
Boltonia_378	decurrens
Boltonia_379	decurrens
Boltonia_380	decurrens
Boltonia_381	decurrens
Boltonia_382	decurrens
Boltonia_383	decurrens
Boltonia_384	decurrens
Boltonia_385	decurrens
Boltonia_386	decurrens
Boltonia_387	decurrens
Boltonia_388	decurrens
Boltonia_389	decurrens
Boltonia_390	decurrens
Boltonia_392	decurrens
Boltonia_393	decurrens
Boltonia_394	decurrens
Boltonia_395	decurrens
Boltonia_397	decurrens
Boltonia_398	decurrens
Boltonia_399	decurrens
Boltonia_400	decurrens
Boltonia_401	decurrens
Boltonia_402	decurrens
Boltonia_403	decurrens
Boltonia_404	decurrens
Boltonia_405	decurrens
Boltonia_406	asteroides
Boltonia_408	decurrens
Boltonia_409	decurrens
Boltonia_411	decurrens
Boltonia_412	decurrens
Boltonia_413	decurrens
Boltonia_415	decurrens
Boltonia_417	decurrens
Boltonia_418	decurrens
Boltonia_419	asteroides
Boltonia_420	decurrens
Boltonia_421	decurrens
Boltonia_422	decurrens
Boltonia_423	decurrens
Boltonia_424	decurrens
Boltonia_425	decurrens
Boltonia_426	decurrens
Boltonia_427	decurrens
Boltonia_428	decurrens
Boltonia_429	decurrens
Boltonia_430	decurrens
Boltonia_431	decurrens
Boltonia_432	decurrens
Boltonia_433	decurrens
Boltonia_434	decurrens
Boltonia_435	decurrens
Boltonia_436	decurrens
Boltonia_437	decurrens
Boltonia_438	decurrens
Boltonia_439	asteroides
Boltonia_441	decurrens
Boltonia_442	decurrens
Boltonia_443	decurrens
Boltonia_444	decurrens
Boltonia_445	decurrens
Boltonia_446	decurrens
Boltonia_448	decurrens
Boltonia_449	decurrens
Boltonia_451	asteroides
Boltonia_452	decurrens
Boltonia_453	decurrens
Boltonia_454	decurrens
Boltonia_455	decurrens
Boltonia_456	decurrens
Boltonia_457	decurrens
Boltonia_458	decurrens
Boltonia_459	decurrens
Boltonia_460	decurrens
Boltonia_462	decurrens
Boltonia_463	decurrens
Boltonia_464	asteroides
Boltonia_465	decurrens
Boltonia_467	decurrens
Boltonia_468	decurrens
