Sample	Homozygous_ALT_Sites	Homozygous_ALT_Alleles	NonMissingGenotypes	TotalAlleles
Boltonia_001	59815	119630	636963	1273926
Boltonia_002	69005	138010	636963	1273926
Boltonia_004	58271	116542	636963	1273926
Boltonia_005	65300	130600	636963	1273926
Boltonia_006	65581	131162	636963	1273926
Boltonia_007	56089	112178	636963	1273926
Boltonia_008	65743	131486	636963	1273926
Boltonia_009	55159	110318	636963	1273926
Boltonia_012	48628	97256	636963	1273926
Boltonia_013	57906	115812	636963	1273926
Boltonia_014	72860	145720	636963	1273926
Boltonia_015	76886	153772	636963	1273926
Boltonia_016	62207	124414	636963	1273926
Boltonia_017	61737	123474	636963	1273926
Boltonia_019	57119	114238	636963	1273926
Boltonia_020	55475	110950	636963	1273926
Boltonia_021	55182	110364	636963	1273926
Boltonia_022	89832	179664	636963	1273926
Boltonia_023	60368	120736	636963	1273926
Boltonia_024	58504	117008	636963	1273926
Boltonia_025	62327	124654	636963	1273926
Boltonia_026	59288	118576	636963	1273926
Boltonia_027	41903	83806	636963	1273926
Boltonia_028	60553	121106	636963	1273926
Boltonia_029	57351	114702	636963	1273926
Boltonia_030	57720	115440	636963	1273926
Boltonia_031	58935	117870	636963	1273926
Boltonia_032	60126	120252	636963	1273926
Boltonia_033	58415	116830	636963	1273926
Boltonia_034	64833	129666	636963	1273926
Boltonia_035	60632	121264	636963	1273926
Boltonia_036	60475	120950	636963	1273926
Boltonia_037	68760	137520	636963	1273926
Boltonia_038	59460	118920	636963	1273926
Boltonia_039	61913	123826	636963	1273926
Boltonia_040	59955	119910	636963	1273926
Boltonia_042	66637	133274	636963	1273926
Boltonia_043	66397	132794	636963	1273926
Boltonia_044	57312	114624	636963	1273926
Boltonia_045	65996	131992	636963	1273926
Boltonia_046	58326	116652	636963	1273926
Boltonia_047	64228	128456	636963	1273926
Boltonia_048	61922	123844	636963	1273926
Boltonia_050	57358	114716	636963	1273926
Boltonia_051	66450	132900	636963	1273926
Boltonia_052	60945	121890	636963	1273926
Boltonia_053	60839	121678	636963	1273926
Boltonia_054	63337	126674	636963	1273926
Boltonia_055	63573	127146	636963	1273926
Boltonia_056	60249	120498	636963	1273926
Boltonia_057	58767	117534	636963	1273926
Boltonia_058	52230	104460	636963	1273926
Boltonia_059	59957	119914	636963	1273926
Boltonia_060	60541	121082	636963	1273926
Boltonia_061	63764	127528	636963	1273926
Boltonia_062	65231	130462	636963	1273926
Boltonia_063	60083	120166	636963	1273926
Boltonia_064	65221	130442	636963	1273926
Boltonia_065	61653	123306	636963	1273926
Boltonia_066	59734	119468	636963	1273926
Boltonia_067	48953	97906	636963	1273926
Boltonia_070	57506	115012	636963	1273926
Boltonia_071	59583	119166	636963	1273926
Boltonia_072	68781	137562	636963	1273926
Boltonia_073	59571	119142	636963	1273926
Boltonia_074	59433	118866	636963	1273926
Boltonia_075	57608	115216	636963	1273926
Boltonia_076	59458	118916	636963	1273926
Boltonia_077	58889	117778	636963	1273926
Boltonia_078	55377	110754	636963	1273926
Boltonia_079	60883	121766	636963	1273926
Boltonia_080	61766	123532	636963	1273926
Boltonia_081	60032	120064	636963	1273926
Boltonia_083	48222	96444	636963	1273926
Boltonia_084	59452	118904	636963	1273926
Boltonia_085	57178	114356	636963	1273926
Boltonia_086	61631	123262	636963	1273926
Boltonia_087	56795	113590	636963	1273926
Boltonia_088	57776	115552	636963	1273926
Boltonia_089	58341	116682	636963	1273926
Boltonia_090	59600	119200	636963	1273926
Boltonia_091	48913	97826	636963	1273926
Boltonia_092	61926	123852	636963	1273926
Boltonia_093	58534	117068	636963	1273926
Boltonia_094	56047	112094	636963	1273926
Boltonia_095	57274	114548	636963	1273926
Boltonia_096	62211	124422	636963	1273926
Boltonia_097	73654	147308	636963	1273926
Boltonia_098	57167	114334	636963	1273926
Boltonia_099	59305	118610	636963	1273926
Boltonia_100	65653	131306	636963	1273926
Boltonia_101	56575	113150	636963	1273926
Boltonia_102	58237	116474	636963	1273926
Boltonia_103	52438	104876	636963	1273926
Boltonia_105	58755	117510	636963	1273926
Boltonia_106	60308	120616	636963	1273926
Boltonia_107	58824	117648	636963	1273926
Boltonia_108	60735	121470	636963	1273926
Boltonia_109	60219	120438	636963	1273926
Boltonia_110	61557	123114	636963	1273926
Boltonia_111	57746	115492	636963	1273926
Boltonia_112	57264	114528	636963	1273926
Boltonia_113	56906	113812	636963	1273926
Boltonia_114	60491	120982	636963	1273926
Boltonia_115	55569	111138	636963	1273926
Boltonia_116	61595	123190	636963	1273926
Boltonia_117	59182	118364	636963	1273926
Boltonia_118	57289	114578	636963	1273926
Boltonia_119	55957	111914	636963	1273926
Boltonia_120	67226	134452	636963	1273926
Boltonia_121	69894	139788	636963	1273926
Boltonia_123	57517	115034	636963	1273926
Boltonia_124	58628	117256	636963	1273926
Boltonia_125	65782	131564	636963	1273926
Boltonia_126	64353	128706	636963	1273926
Boltonia_127	57753	115506	636963	1273926
Boltonia_128	57725	115450	636963	1273926
Boltonia_129	56350	112700	636963	1273926
Boltonia_130	57807	115614	636963	1273926
Boltonia_131	68504	137008	636963	1273926
Boltonia_132	69834	139668	636963	1273926
Boltonia_133	56872	113744	636963	1273926
Boltonia_134	61013	122026	636963	1273926
Boltonia_135	82478	164956	636963	1273926
Boltonia_136	57303	114606	636963	1273926
Boltonia_137	57995	115990	636963	1273926
Boltonia_138	58430	116860	636963	1273926
Boltonia_139	65319	130638	636963	1273926
Boltonia_140	59017	118034	636963	1273926
Boltonia_141	69502	139004	636963	1273926
Boltonia_142	58907	117814	636963	1273926
Boltonia_143	69393	138786	636963	1273926
Boltonia_144	63636	127272	636963	1273926
Boltonia_145	64749	129498	636963	1273926
Boltonia_146	66675	133350	636963	1273926
Boltonia_147	56517	113034	636963	1273926
Boltonia_148	56875	113750	636963	1273926
Boltonia_149	96704	193408	636963	1273926
Boltonia_150	60877	121754	636963	1273926
Boltonia_151	61494	122988	636963	1273926
Boltonia_152	56443	112886	636963	1273926
Boltonia_153	63258	126516	636963	1273926
Boltonia_154	59452	118904	636963	1273926
Boltonia_155	61867	123734	636963	1273926
Boltonia_157	56631	113262	636963	1273926
Boltonia_158	66311	132622	636963	1273926
Boltonia_159	58185	116370	636963	1273926
Boltonia_160	62721	125442	636963	1273926
Boltonia_161	66448	132896	636963	1273926
Boltonia_162	65503	131006	636963	1273926
Boltonia_163	59201	118402	636963	1273926
Boltonia_164	56657	113314	636963	1273926
Boltonia_165	67159	134318	636963	1273926
Boltonia_167	54540	109080	636963	1273926
Boltonia_168	59476	118952	636963	1273926
Boltonia_169	60965	121930	636963	1273926
Boltonia_170	58100	116200	636963	1273926
Boltonia_171	32286	64572	636963	1273926
Boltonia_172	72643	145286	636963	1273926
Boltonia_173	54127	108254	636963	1273926
Boltonia_174	56266	112532	636963	1273926
Boltonia_175	61023	122046	636963	1273926
Boltonia_176	60158	120316	636963	1273926
Boltonia_177	60530	121060	636963	1273926
Boltonia_178	58922	117844	636963	1273926
Boltonia_179	61128	122256	636963	1273926
Boltonia_180	60470	120940	636963	1273926
Boltonia_181	59742	119484	636963	1273926
Boltonia_182	67792	135584	636963	1273926
Boltonia_183	58940	117880	636963	1273926
Boltonia_184	68343	136686	636963	1273926
Boltonia_185	62921	125842	636963	1273926
Boltonia_186	64672	129344	636963	1273926
Boltonia_187	60083	120166	636963	1273926
Boltonia_188	55472	110944	636963	1273926
Boltonia_189	56404	112808	636963	1273926
Boltonia_190	47302	94604	636963	1273926
Boltonia_191	60658	121316	636963	1273926
Boltonia_192	62770	125540	636963	1273926
Boltonia_193	62675	125350	636963	1273926
Boltonia_194	57713	115426	636963	1273926
Boltonia_195	63346	126692	636963	1273926
Boltonia_196	59721	119442	636963	1273926
Boltonia_197	60046	120092	636963	1273926
Boltonia_198	62558	125116	636963	1273926
Boltonia_200	59483	118966	636963	1273926
Boltonia_201	64135	128270	636963	1273926
Boltonia_202	57602	115204	636963	1273926
Boltonia_203	64755	129510	636963	1273926
Boltonia_204	61592	123184	636963	1273926
Boltonia_205	72586	145172	636963	1273926
Boltonia_207	58150	116300	636963	1273926
Boltonia_208	60036	120072	636963	1273926
Boltonia_209	71784	143568	636963	1273926
Boltonia_210	59983	119966	636963	1273926
Boltonia_211	63291	126582	636963	1273926
Boltonia_212	57387	114774	636963	1273926
Boltonia_213	63615	127230	636963	1273926
Boltonia_214	65767	131534	636963	1273926
Boltonia_215	62678	125356	636963	1273926
Boltonia_217	57593	115186	636963	1273926
Boltonia_218	48026	96052	636963	1273926
Boltonia_219	62091	124182	636963	1273926
Boltonia_220	58734	117468	636963	1273926
Boltonia_221	59091	118182	636963	1273926
Boltonia_222	58563	117126	636963	1273926
Boltonia_224	61165	122330	636963	1273926
Boltonia_225	45743	91486	636963	1273926
Boltonia_226	62216	124432	636963	1273926
Boltonia_227	64901	129802	636963	1273926
Boltonia_228	59771	119542	636963	1273926
Boltonia_229	57908	115816	636963	1273926
Boltonia_230	60951	121902	636963	1273926
Boltonia_231	56475	112950	636963	1273926
Boltonia_232	58212	116424	636963	1273926
Boltonia_233	62282	124564	636963	1273926
Boltonia_234	55829	111658	636963	1273926
Boltonia_235	54893	109786	636963	1273926
Boltonia_236	56831	113662	636963	1273926
Boltonia_237	55575	111150	636963	1273926
Boltonia_238	60935	121870	636963	1273926
Boltonia_239	57401	114802	636963	1273926
Boltonia_240	58674	117348	636963	1273926
Boltonia_241	58823	117646	636963	1273926
Boltonia_242	56246	112492	636963	1273926
Boltonia_243	58212	116424	636963	1273926
Boltonia_244	62496	124992	636963	1273926
Boltonia_245	58388	116776	636963	1273926
Boltonia_246	65780	131560	636963	1273926
Boltonia_247	65919	131838	636963	1273926
Boltonia_248	70202	140404	636963	1273926
Boltonia_249	60045	120090	636963	1273926
Boltonia_250	59003	118006	636963	1273926
Boltonia_251	59363	118726	636963	1273926
Boltonia_253	60892	121784	636963	1273926
Boltonia_254	65446	130892	636963	1273926
Boltonia_255	59012	118024	636963	1273926
Boltonia_256	66763	133526	636963	1273926
Boltonia_257	63463	126926	636963	1273926
Boltonia_258	60419	120838	636963	1273926
Boltonia_259	53019	106038	636963	1273926
Boltonia_260	54980	109960	636963	1273926
Boltonia_261	66026	132052	636963	1273926
Boltonia_262	64093	128186	636963	1273926
Boltonia_263	59791	119582	636963	1273926
Boltonia_264	44573	89146	636963	1273926
Boltonia_265	59540	119080	636963	1273926
Boltonia_267	48759	97518	636963	1273926
Boltonia_268	65352	130704	636963	1273926
Boltonia_269	58580	117160	636963	1273926
Boltonia_270	57599	115198	636963	1273926
Boltonia_271	66099	132198	636963	1273926
Boltonia_272	55748	111496	636963	1273926
Boltonia_273	60433	120866	636963	1273926
Boltonia_274	71206	142412	636963	1273926
Boltonia_275	58611	117222	636963	1273926
Boltonia_276	56995	113990	636963	1273926
Boltonia_277	71317	142634	636963	1273926
Boltonia_278	65731	131462	636963	1273926
Boltonia_279	51062	102124	636963	1273926
Boltonia_280	66758	133516	636963	1273926
Boltonia_281	66671	133342	636963	1273926
Boltonia_282	62104	124208	636963	1273926
Boltonia_283	60992	121984	636963	1273926
Boltonia_284	59505	119010	636963	1273926
Boltonia_285	58093	116186	636963	1273926
Boltonia_286	59048	118096	636963	1273926
Boltonia_287	59343	118686	636963	1273926
Boltonia_288	53326	106652	636963	1273926
Boltonia_289	68383	136766	636963	1273926
Boltonia_290	59242	118484	636963	1273926
Boltonia_291	62083	124166	636963	1273926
Boltonia_292	59921	119842	636963	1273926
Boltonia_293	57434	114868	636963	1273926
Boltonia_294	62753	125506	636963	1273926
Boltonia_295	58406	116812	636963	1273926
Boltonia_296	57467	114934	636963	1273926
Boltonia_298	63674	127348	636963	1273926
Boltonia_299	63069	126138	636963	1273926
Boltonia_301	56111	112222	636963	1273926
Boltonia_302	66604	133208	636963	1273926
Boltonia_303	65060	130120	636963	1273926
Boltonia_304	56827	113654	636963	1273926
Boltonia_305	56346	112692	636963	1273926
Boltonia_306	62762	125524	636963	1273926
Boltonia_307	54833	109666	636963	1273926
Boltonia_308	65623	131246	636963	1273926
Boltonia_309	58002	116004	636963	1273926
Boltonia_310	69235	138470	636963	1273926
Boltonia_311	70219	140438	636963	1273926
Boltonia_312	66837	133674	636963	1273926
Boltonia_313	58227	116454	636963	1273926
Boltonia_315	55862	111724	636963	1273926
Boltonia_316	69910	139820	636963	1273926
Boltonia_317	59922	119844	636963	1273926
Boltonia_318	59135	118270	636963	1273926
Boltonia_320	43077	86154	636963	1273926
Boltonia_321	59645	119290	636963	1273926
Boltonia_322	56870	113740	636963	1273926
Boltonia_323	57319	114638	636963	1273926
Boltonia_324	66741	133482	636963	1273926
Boltonia_325	60487	120974	636963	1273926
Boltonia_326	65354	130708	636963	1273926
Boltonia_327	62042	124084	636963	1273926
Boltonia_329	57989	115978	636963	1273926
Boltonia_330	58579	117158	636963	1273926
Boltonia_331	55416	110832	636963	1273926
Boltonia_332	64626	129252	636963	1273926
Boltonia_334	57536	115072	636963	1273926
Boltonia_335	45375	90750	636963	1273926
Boltonia_336	56230	112460	636963	1273926
Boltonia_337	79708	159416	636963	1273926
Boltonia_338	57804	115608	636963	1273926
Boltonia_339	65265	130530	636963	1273926
Boltonia_341	61446	122892	636963	1273926
Boltonia_342	58740	117480	636963	1273926
Boltonia_343	56652	113304	636963	1273926
Boltonia_344	59326	118652	636963	1273926
Boltonia_345	66661	133322	636963	1273926
Boltonia_349	65219	130438	636963	1273926
Boltonia_350	61704	123408	636963	1273926
Boltonia_351	61777	123554	636963	1273926
Boltonia_352	58726	117452	636963	1273926
Boltonia_353	59782	119564	636963	1273926
Boltonia_354	59736	119472	636963	1273926
Boltonia_355	63550	127100	636963	1273926
Boltonia_356	60365	120730	636963	1273926
Boltonia_358	57290	114580	636963	1273926
Boltonia_359	68501	137002	636963	1273926
Boltonia_360	43131	86262	636963	1273926
Boltonia_361	49190	98380	636963	1273926
Boltonia_362	62404	124808	636963	1273926
Boltonia_363	57709	115418	636963	1273926
Boltonia_364	59492	118984	636963	1273926
Boltonia_365	62829	125658	636963	1273926
Boltonia_366	63845	127690	636963	1273926
Boltonia_367	49859	99718	636963	1273926
Boltonia_368	60309	120618	636963	1273926
Boltonia_370	56889	113778	636963	1273926
Boltonia_371	56941	113882	636963	1273926
Boltonia_372	69321	138642	636963	1273926
Boltonia_373	62725	125450	636963	1273926
Boltonia_374	64107	128214	636963	1273926
Boltonia_375	59365	118730	636963	1273926
Boltonia_376	58323	116646	636963	1273926
Boltonia_377	60519	121038	636963	1273926
Boltonia_378	62439	124878	636963	1273926
Boltonia_379	56067	112134	636963	1273926
Boltonia_380	58347	116694	636963	1273926
Boltonia_381	62717	125434	636963	1273926
Boltonia_382	56503	113006	636963	1273926
Boltonia_383	60286	120572	636963	1273926
Boltonia_384	48404	96808	636963	1273926
Boltonia_385	56785	113570	636963	1273926
Boltonia_386	58115	116230	636963	1273926
Boltonia_387	58897	117794	636963	1273926
Boltonia_388	62080	124160	636963	1273926
Boltonia_389	61490	122980	636963	1273926
Boltonia_390	72914	145828	636963	1273926
Boltonia_392	58690	117380	636963	1273926
Boltonia_393	65475	130950	636963	1273926
Boltonia_394	64054	128108	636963	1273926
Boltonia_395	68557	137114	636963	1273926
Boltonia_396	68462	136924	636963	1273926
Boltonia_397	66942	133884	636963	1273926
Boltonia_398	59253	118506	636963	1273926
Boltonia_399	60321	120642	636963	1273926
Boltonia_400	63131	126262	636963	1273926
Boltonia_401	60421	120842	636963	1273926
Boltonia_402	56030	112060	636963	1273926
Boltonia_403	55099	110198	636963	1273926
Boltonia_404	59918	119836	636963	1273926
Boltonia_405	63312	126624	636963	1273926
Boltonia_408	61781	123562	636963	1273926
Boltonia_409	57250	114500	636963	1273926
Boltonia_411	56915	113830	636963	1273926
Boltonia_412	58140	116280	636963	1273926
Boltonia_413	57373	114746	636963	1273926
Boltonia_415	61629	123258	636963	1273926
Boltonia_417	58712	117424	636963	1273926
Boltonia_418	66321	132642	636963	1273926
Boltonia_420	57377	114754	636963	1273926
Boltonia_421	58942	117884	636963	1273926
Boltonia_422	68197	136394	636963	1273926
Boltonia_423	66823	133646	636963	1273926
Boltonia_424	45422	90844	636963	1273926
Boltonia_425	61179	122358	636963	1273926
Boltonia_426	58150	116300	636963	1273926
Boltonia_427	64853	129706	636963	1273926
Boltonia_428	55967	111934	636963	1273926
Boltonia_429	60435	120870	636963	1273926
Boltonia_430	42564	85128	636963	1273926
Boltonia_431	66200	132400	636963	1273926
Boltonia_432	68413	136826	636963	1273926
Boltonia_433	60623	121246	636963	1273926
Boltonia_434	68916	137832	636963	1273926
Boltonia_435	169	338	636963	1273926
Boltonia_436	72313	144626	636963	1273926
Boltonia_437	58710	117420	636963	1273926
Boltonia_438	55847	111694	636963	1273926
Boltonia_441	48911	97822	636963	1273926
Boltonia_442	26146	52292	636963	1273926
Boltonia_443	66615	133230	636963	1273926
Boltonia_444	59399	118798	636963	1273926
Boltonia_445	64591	129182	636963	1273926
Boltonia_446	66028	132056	636963	1273926
Boltonia_448	47823	95646	636963	1273926
Boltonia_449	60366	120732	636963	1273926
Boltonia_452	75962	151924	636963	1273926
Boltonia_453	50309	100618	636963	1273926
Boltonia_454	65184	130368	636963	1273926
Boltonia_455	61152	122304	636963	1273926
Boltonia_456	51044	102088	636963	1273926
Boltonia_457	62736	125472	636963	1273926
Boltonia_458	62595	125190	636963	1273926
Boltonia_459	62014	124028	636963	1273926
Boltonia_460	55557	111114	636963	1273926
Boltonia_461	64459	128918	636963	1273926
Boltonia_462	70919	141838	636963	1273926
Boltonia_463	59024	118048	636963	1273926
Boltonia_465	62194	124388	636963	1273926
Boltonia_466	58266	116532	636963	1273926
Boltonia_467	68698	137396	636963	1273926
Boltonia_468	49070	98140	636963	1273926
