Sample	Heterozygous_ALT_Sites	Heterozygous_ALT_Alleles	NonMissingGenotypes	TotalAlleles
Boltonia_001	96918	96918	607796	1215592
Boltonia_002	85209	85209	607796	1215592
Boltonia_004	88668	88668	607796	1215592
Boltonia_005	77141	77141	607796	1215592
Boltonia_006	74937	74937	607796	1215592
Boltonia_007	90874	90874	607796	1215592
Boltonia_008	86260	86260	607796	1215592
Boltonia_009	77296	77296	607796	1215592
Boltonia_012	78548	78548	607796	1215592
Boltonia_013	87064	87064	607796	1215592
Boltonia_014	65137	65137	607796	1215592
Boltonia_015	61486	61486	607796	1215592
Boltonia_016	91097	91097	607796	1215592
Boltonia_017	81375	81375	607796	1215592
Boltonia_019	89631	89631	607796	1215592
Boltonia_020	89767	89767	607796	1215592
Boltonia_021	93758	93758	607796	1215592
Boltonia_022	41195	41195	607796	1215592
Boltonia_023	84246	84246	607796	1215592
Boltonia_024	89431	89431	607796	1215592
Boltonia_025	93636	93636	607796	1215592
Boltonia_026	86770	86770	607796	1215592
Boltonia_027	83647	83647	607796	1215592
Boltonia_028	88341	88341	607796	1215592
Boltonia_029	89626	89626	607796	1215592
Boltonia_030	88525	88525	607796	1215592
Boltonia_031	86639	86639	607796	1215592
Boltonia_032	85321	85321	607796	1215592
Boltonia_033	86089	86089	607796	1215592
Boltonia_034	92009	92009	607796	1215592
Boltonia_035	97522	97522	607796	1215592
Boltonia_036	97856	97856	607796	1215592
Boltonia_037	74537	74537	607796	1215592
Boltonia_038	87053	87053	607796	1215592
Boltonia_039	82667	82667	607796	1215592
Boltonia_040	83943	83943	607796	1215592
Boltonia_042	89589	89589	607796	1215592
Boltonia_043	77202	77202	607796	1215592
Boltonia_044	88988	88988	607796	1215592
Boltonia_045	75767	75767	607796	1215592
Boltonia_046	86001	86001	607796	1215592
Boltonia_047	78539	78539	607796	1215592
Boltonia_048	83143	83143	607796	1215592
Boltonia_050	90992	90992	607796	1215592
Boltonia_051	87597	87597	607796	1215592
Boltonia_052	92455	92455	607796	1215592
Boltonia_053	86322	86322	607796	1215592
Boltonia_054	79344	79344	607796	1215592
Boltonia_055	79557	79557	607796	1215592
Boltonia_056	84371	84371	607796	1215592
Boltonia_057	86595	86595	607796	1215592
Boltonia_058	75033	75033	607796	1215592
Boltonia_059	89960	89960	607796	1215592
Boltonia_060	87042	87042	607796	1215592
Boltonia_061	82189	82189	607796	1215592
Boltonia_062	78144	78144	607796	1215592
Boltonia_063	85845	85845	607796	1215592
Boltonia_064	89112	89112	607796	1215592
Boltonia_065	82431	82431	607796	1215592
Boltonia_066	85955	85955	607796	1215592
Boltonia_067	89019	89019	607796	1215592
Boltonia_070	89822	89822	607796	1215592
Boltonia_071	88089	88089	607796	1215592
Boltonia_072	83466	83466	607796	1215592
Boltonia_073	86346	86346	607796	1215592
Boltonia_074	87916	87916	607796	1215592
Boltonia_075	90589	90589	607796	1215592
Boltonia_076	89460	89460	607796	1215592
Boltonia_077	87052	87052	607796	1215592
Boltonia_078	93487	93487	607796	1215592
Boltonia_079	82030	82030	607796	1215592
Boltonia_080	83608	83608	607796	1215592
Boltonia_081	86173	86173	607796	1215592
Boltonia_083	82269	82269	607796	1215592
Boltonia_084	88425	88425	607796	1215592
Boltonia_085	90278	90278	607796	1215592
Boltonia_086	85149	85149	607796	1215592
Boltonia_087	88759	88759	607796	1215592
Boltonia_088	88587	88587	607796	1215592
Boltonia_089	88247	88247	607796	1215592
Boltonia_090	86795	86795	607796	1215592
Boltonia_091	82253	82253	607796	1215592
Boltonia_092	82437	82437	607796	1215592
Boltonia_093	89941	89941	607796	1215592
Boltonia_094	93307	93307	607796	1215592
Boltonia_095	93421	93421	607796	1215592
Boltonia_096	85206	85206	607796	1215592
Boltonia_097	65509	65509	607796	1215592
Boltonia_098	89535	89535	607796	1215592
Boltonia_099	89605	89605	607796	1215592
Boltonia_100	76629	76629	607796	1215592
Boltonia_101	91101	91101	607796	1215592
Boltonia_102	73314	73314	607796	1215592
Boltonia_103	71406	71406	607796	1215592
Boltonia_105	87777	87777	607796	1215592
Boltonia_106	84622	84622	607796	1215592
Boltonia_107	86965	86965	607796	1215592
Boltonia_108	83543	83543	607796	1215592
Boltonia_109	87938	87938	607796	1215592
Boltonia_110	84448	84448	607796	1215592
Boltonia_111	89584	89584	607796	1215592
Boltonia_112	88710	88710	607796	1215592
Boltonia_113	88383	88383	607796	1215592
Boltonia_114	97114	97114	607796	1215592
Boltonia_115	92360	92360	607796	1215592
Boltonia_116	81485	81485	607796	1215592
Boltonia_117	88083	88083	607796	1215592
Boltonia_118	89269	89269	607796	1215592
Boltonia_119	89868	89868	607796	1215592
Boltonia_120	74654	74654	607796	1215592
Boltonia_121	69696	69696	607796	1215592
Boltonia_123	86441	86441	607796	1215592
Boltonia_124	88415	88415	607796	1215592
Boltonia_125	79459	79459	607796	1215592
Boltonia_126	87203	87203	607796	1215592
Boltonia_127	88740	88740	607796	1215592
Boltonia_128	88692	88692	607796	1215592
Boltonia_129	90280	90280	607796	1215592
Boltonia_130	88152	88152	607796	1215592
Boltonia_131	75489	75489	607796	1215592
Boltonia_132	71781	71781	607796	1215592
Boltonia_133	88624	88624	607796	1215592
Boltonia_134	86180	86180	607796	1215592
Boltonia_135	51205	51205	607796	1215592
Boltonia_136	89540	89540	607796	1215592
Boltonia_137	89900	89900	607796	1215592
Boltonia_138	88437	88437	607796	1215592
Boltonia_139	89575	89575	607796	1215592
Boltonia_140	81794	81794	607796	1215592
Boltonia_141	83198	83198	607796	1215592
Boltonia_142	86614	86614	607796	1215592
Boltonia_143	71815	71815	607796	1215592
Boltonia_144	79020	79020	607796	1215592
Boltonia_145	87259	87259	607796	1215592
Boltonia_146	78003	78003	607796	1215592
Boltonia_147	88929	88929	607796	1215592
Boltonia_148	88588	88588	607796	1215592
Boltonia_149	29806	29806	607796	1215592
Boltonia_150	84498	84498	607796	1215592
Boltonia_151	83797	83797	607796	1215592
Boltonia_152	87959	87959	607796	1215592
Boltonia_153	92288	92288	607796	1215592
Boltonia_154	87222	87222	607796	1215592
Boltonia_155	92590	92590	607796	1215592
Boltonia_157	90495	90495	607796	1215592
Boltonia_158	74968	74968	607796	1215592
Boltonia_159	88405	88405	607796	1215592
Boltonia_160	85150	85150	607796	1215592
Boltonia_161	77290	77290	607796	1215592
Boltonia_162	78157	78157	607796	1215592
Boltonia_163	87128	87128	607796	1215592
Boltonia_164	89238	89238	607796	1215592
Boltonia_165	86877	86877	607796	1215592
Boltonia_167	90736	90736	607796	1215592
Boltonia_168	86518	86518	607796	1215592
Boltonia_169	94957	94957	607796	1215592
Boltonia_170	88948	88948	607796	1215592
Boltonia_171	85716	85716	607796	1215592
Boltonia_172	67301	67301	607796	1215592
Boltonia_173	93666	93666	607796	1215592
Boltonia_174	89421	89421	607796	1215592
Boltonia_175	84240	84240	607796	1215592
Boltonia_176	95502	95502	607796	1215592
Boltonia_177	84689	84689	607796	1215592
Boltonia_178	97770	97770	607796	1215592
Boltonia_179	83078	83078	607796	1215592
Boltonia_180	87658	87658	607796	1215592
Boltonia_181	88325	88325	607796	1215592
Boltonia_182	76986	76986	607796	1215592
Boltonia_183	87778	87778	607796	1215592
Boltonia_184	85119	85119	607796	1215592
Boltonia_185	83727	83727	607796	1215592
Boltonia_186	79890	79890	607796	1215592
Boltonia_187	85018	85018	607796	1215592
Boltonia_188	90220	90220	607796	1215592
Boltonia_189	91418	91418	607796	1215592
Boltonia_190	80358	80358	607796	1215592
Boltonia_191	86182	86182	607796	1215592
Boltonia_192	82929	82929	607796	1215592
Boltonia_193	81060	81060	607796	1215592
Boltonia_194	87950	87950	607796	1215592
Boltonia_195	79999	79999	607796	1215592
Boltonia_196	97514	97514	607796	1215592
Boltonia_197	84617	84617	607796	1215592
Boltonia_198	84779	84779	607796	1215592
Boltonia_200	88296	88296	607796	1215592
Boltonia_201	79024	79024	607796	1215592
Boltonia_202	89135	89135	607796	1215592
Boltonia_203	90178	90178	607796	1215592
Boltonia_204	84466	84466	607796	1215592
Boltonia_205	68855	68855	607796	1215592
Boltonia_207	88161	88161	607796	1215592
Boltonia_208	87617	87617	607796	1215592
Boltonia_209	67485	67485	607796	1215592
Boltonia_210	88119	88119	607796	1215592
Boltonia_211	92326	92326	607796	1215592
Boltonia_212	88722	88722	607796	1215592
Boltonia_213	90378	90378	607796	1215592
Boltonia_214	87182	87182	607796	1215592
Boltonia_215	81777	81777	607796	1215592
Boltonia_217	87736	87736	607796	1215592
Boltonia_218	78698	78698	607796	1215592
Boltonia_219	80605	80605	607796	1215592
Boltonia_220	88000	88000	607796	1215592
Boltonia_221	88063	88063	607796	1215592
Boltonia_222	88721	88721	607796	1215592
Boltonia_224	85947	85947	607796	1215592
Boltonia_225	81704	81704	607796	1215592
Boltonia_226	93149	93149	607796	1215592
Boltonia_227	78480	78480	607796	1215592
Boltonia_228	86285	86285	607796	1215592
Boltonia_229	89204	89204	607796	1215592
Boltonia_230	85462	85462	607796	1215592
Boltonia_231	92326	92326	607796	1215592
Boltonia_232	87802	87802	607796	1215592
Boltonia_233	82617	82617	607796	1215592
Boltonia_234	89591	89591	607796	1215592
Boltonia_235	89064	89064	607796	1215592
Boltonia_236	90520	90520	607796	1215592
Boltonia_237	91846	91846	607796	1215592
Boltonia_238	84861	84861	607796	1215592
Boltonia_239	91466	91466	607796	1215592
Boltonia_240	87452	87452	607796	1215592
Boltonia_241	90102	90102	607796	1215592
Boltonia_242	90471	90471	607796	1215592
Boltonia_243	88443	88443	607796	1215592
Boltonia_244	86083	86083	607796	1215592
Boltonia_245	89028	89028	607796	1215592
Boltonia_246	77429	77429	607796	1215592
Boltonia_247	86383	86383	607796	1215592
Boltonia_248	83277	83277	607796	1215592
Boltonia_249	85000	85000	607796	1215592
Boltonia_250	63947	63947	607796	1215592
Boltonia_251	87673	87673	607796	1215592
Boltonia_253	94217	94217	607796	1215592
Boltonia_254	78859	78859	607796	1215592
Boltonia_255	96400	96400	607796	1215592
Boltonia_256	74720	74720	607796	1215592
Boltonia_257	81314	81314	607796	1215592
Boltonia_258	86464	86464	607796	1215592
Boltonia_259	76555	76555	607796	1215592
Boltonia_260	92945	92945	607796	1215592
Boltonia_261	87276	87276	607796	1215592
Boltonia_262	89196	89196	607796	1215592
Boltonia_263	85223	85223	607796	1215592
Boltonia_264	75791	75791	607796	1215592
Boltonia_265	85764	85764	607796	1215592
Boltonia_267	79237	79237	607796	1215592
Boltonia_268	77002	77002	607796	1215592
Boltonia_269	89330	89330	607796	1215592
Boltonia_270	89099	89099	607796	1215592
Boltonia_271	75936	75936	607796	1215592
Boltonia_272	89888	89888	607796	1215592
Boltonia_273	87571	87571	607796	1215592
Boltonia_274	69542	69542	607796	1215592
Boltonia_275	86995	86995	607796	1215592
Boltonia_276	91372	91372	607796	1215592
Boltonia_277	69839	69839	607796	1215592
Boltonia_278	76388	76388	607796	1215592
Boltonia_279	80592	80592	607796	1215592
Boltonia_280	74758	74758	607796	1215592
Boltonia_281	86045	86045	607796	1215592
Boltonia_282	82955	82955	607796	1215592
Boltonia_283	94413	94413	607796	1215592
Boltonia_284	86506	86506	607796	1215592
Boltonia_285	87678	87678	607796	1215592
Boltonia_286	89842	89842	607796	1215592
Boltonia_287	88009	88009	607796	1215592
Boltonia_288	76543	76543	607796	1215592
Boltonia_289	72166	72166	607796	1215592
Boltonia_290	86618	86618	607796	1215592
Boltonia_291	81394	81394	607796	1215592
Boltonia_292	85948	85948	607796	1215592
Boltonia_293	91802	91802	607796	1215592
Boltonia_294	82220	82220	607796	1215592
Boltonia_295	90878	90878	607796	1215592
Boltonia_296	91811	91811	607796	1215592
Boltonia_298	87324	87324	607796	1215592
Boltonia_299	80013	80013	607796	1215592
Boltonia_301	91238	91238	607796	1215592
Boltonia_302	74740	74740	607796	1215592
Boltonia_303	90804	90804	607796	1215592
Boltonia_304	90365	90365	607796	1215592
Boltonia_305	91663	91663	607796	1215592
Boltonia_306	82251	82251	607796	1215592
Boltonia_307	92552	92552	607796	1215592
Boltonia_308	88334	88334	607796	1215592
Boltonia_309	87979	87979	607796	1215592
Boltonia_310	72051	72051	607796	1215592
Boltonia_311	70341	70341	607796	1215592
Boltonia_312	75518	75518	607796	1215592
Boltonia_313	86314	86314	607796	1215592
Boltonia_315	91336	91336	607796	1215592
Boltonia_316	69379	69379	607796	1215592
Boltonia_317	83481	83481	607796	1215592
Boltonia_318	89524	89524	607796	1215592
Boltonia_320	77808	77808	607796	1215592
Boltonia_321	96850	96850	607796	1215592
Boltonia_322	91535	91535	607796	1215592
Boltonia_323	88635	88635	607796	1215592
Boltonia_324	86077	86077	607796	1215592
Boltonia_325	84609	84609	607796	1215592
Boltonia_326	89711	89711	607796	1215592
Boltonia_327	82531	82531	607796	1215592
Boltonia_329	88599	88599	607796	1215592
Boltonia_330	87867	87867	607796	1215592
Boltonia_331	93324	93324	607796	1215592
Boltonia_332	79892	79892	607796	1215592
Boltonia_334	91155	91155	607796	1215592
Boltonia_335	80051	80051	607796	1215592
Boltonia_336	92297	92297	607796	1215592
Boltonia_337	56997	56997	607796	1215592
Boltonia_338	88661	88661	607796	1215592
Boltonia_339	75598	75598	607796	1215592
Boltonia_341	83781	83781	607796	1215592
Boltonia_342	88756	88756	607796	1215592
Boltonia_343	93485	93485	607796	1215592
Boltonia_344	88376	88376	607796	1215592
Boltonia_345	79551	79551	607796	1215592
Boltonia_349	81880	81880	607796	1215592
Boltonia_350	83257	83257	607796	1215592
Boltonia_351	86711	86711	607796	1215592
Boltonia_352	87846	87846	607796	1215592
Boltonia_353	88037	88037	607796	1215592
Boltonia_354	86519	86519	607796	1215592
Boltonia_355	81855	81855	607796	1215592
Boltonia_356	89938	89938	607796	1215592
Boltonia_358	92287	92287	607796	1215592
Boltonia_359	85919	85919	607796	1215592
Boltonia_360	83488	83488	607796	1215592
Boltonia_361	80380	80380	607796	1215592
Boltonia_362	82680	82680	607796	1215592
Boltonia_363	90372	90372	607796	1215592
Boltonia_364	90846	90846	607796	1215592
Boltonia_365	83156	83156	607796	1215592
Boltonia_366	79779	79779	607796	1215592
Boltonia_367	82487	82487	607796	1215592
Boltonia_368	97921	97921	607796	1215592
Boltonia_370	90659	90659	607796	1215592
Boltonia_371	89537	89537	607796	1215592
Boltonia_372	71998	71998	607796	1215592
Boltonia_373	84682	84682	607796	1215592
Boltonia_374	79228	79228	607796	1215592
Boltonia_375	84824	84824	607796	1215592
Boltonia_376	89529	89529	607796	1215592
Boltonia_377	85516	85516	607796	1215592
Boltonia_378	81597	81597	607796	1215592
Boltonia_379	90966	90966	607796	1215592
Boltonia_380	89805	89805	607796	1215592
Boltonia_381	85568	85568	607796	1215592
Boltonia_382	90342	90342	607796	1215592
Boltonia_383	85449	85449	607796	1215592
Boltonia_384	84133	84133	607796	1215592
Boltonia_385	91330	91330	607796	1215592
Boltonia_386	90561	90561	607796	1215592
Boltonia_387	89583	89583	607796	1215592
Boltonia_388	82740	82740	607796	1215592
Boltonia_389	82815	82815	607796	1215592
Boltonia_390	65840	65840	607796	1215592
Boltonia_392	89910	89910	607796	1215592
Boltonia_393	76725	76725	607796	1215592
Boltonia_394	80718	80718	607796	1215592
Boltonia_395	72900	72900	607796	1215592
Boltonia_396	85294	85294	607796	1215592
Boltonia_397	72621	72621	607796	1215592
Boltonia_398	87115	87115	607796	1215592
Boltonia_399	85713	85713	607796	1215592
Boltonia_400	78911	78911	607796	1215592
Boltonia_401	84171	84171	607796	1215592
Boltonia_402	90499	90499	607796	1215592
Boltonia_403	92010	92010	607796	1215592
Boltonia_404	89323	89323	607796	1215592
Boltonia_405	81827	81827	607796	1215592
Boltonia_408	81940	81940	607796	1215592
Boltonia_409	92380	92380	607796	1215592
Boltonia_411	89545	89545	607796	1215592
Boltonia_412	90068	90068	607796	1215592
Boltonia_413	89267	89267	607796	1215592
Boltonia_415	83964	83964	607796	1215592
Boltonia_417	85953	85953	607796	1215592
Boltonia_418	89140	89140	607796	1215592
Boltonia_420	87130	87130	607796	1215592
Boltonia_421	87178	87178	607796	1215592
Boltonia_422	84286	84286	607796	1215592
Boltonia_423	85733	85733	607796	1215592
Boltonia_424	81262	81262	607796	1215592
Boltonia_425	88310	88310	607796	1215592
Boltonia_426	90091	90091	607796	1215592
Boltonia_427	76138	76138	607796	1215592
Boltonia_428	91756	91756	607796	1215592
Boltonia_429	86267	86267	607796	1215592
Boltonia_430	75394	75394	607796	1215592
Boltonia_431	76356	76356	607796	1215592
Boltonia_432	73118	73118	607796	1215592
Boltonia_433	86816	86816	607796	1215592
Boltonia_434	72372	72372	607796	1215592
Boltonia_435	76075	76075	607796	1215592
Boltonia_436	68184	68184	607796	1215592
Boltonia_437	88773	88773	607796	1215592
Boltonia_438	90211	90211	607796	1215592
Boltonia_441	79476	79476	607796	1215592
Boltonia_442	80553	80553	607796	1215592
Boltonia_443	86408	86408	607796	1215592
Boltonia_444	89789	89789	607796	1215592
Boltonia_445	78113	78113	607796	1215592
Boltonia_446	85624	85624	607796	1215592
Boltonia_448	77786	77786	607796	1215592
Boltonia_449	85232	85232	607796	1215592
Boltonia_452	73357	73357	607796	1215592
Boltonia_453	79644	79644	607796	1215592
Boltonia_454	79357	79357	607796	1215592
Boltonia_455	86154	86154	607796	1215592
Boltonia_456	82901	82901	607796	1215592
Boltonia_457	92358	92358	607796	1215592
Boltonia_458	81496	81496	607796	1215592
Boltonia_459	83399	83399	607796	1215592
Boltonia_460	92633	92633	607796	1215592
Boltonia_461	90829	90829	607796	1215592
Boltonia_462	67475	67475	607796	1215592
Boltonia_463	88393	88393	607796	1215592
Boltonia_465	83293	83293	607796	1215592
Boltonia_466	99754	99754	607796	1215592
Boltonia_467	84016	84016	607796	1215592
Boltonia_468	79945	79945	607796	1215592
