Sample	ALT_Allele_Sum	NonMissingGenotypes	TotalAlleles
Boltonia_001	181598	607796	1215592
Boltonia_002	182133	607796	1215592
Boltonia_004	171138	607796	1215592
Boltonia_005	168803	607796	1215592
Boltonia_006	167519	607796	1215592
Boltonia_007	170062	607796	1215592
Boltonia_008	179152	607796	1215592
Boltonia_009	156656	607796	1215592
Boltonia_012	148196	607796	1215592
Boltonia_013	168098	607796	1215592
Boltonia_014	168665	607796	1215592
Boltonia_015	170786	607796	1215592
Boltonia_016	180187	607796	1215592
Boltonia_017	167573	607796	1215592
Boltonia_019	170407	607796	1215592
Boltonia_020	168469	607796	1215592
Boltonia_021	171066	607796	1215592
Boltonia_022	166399	607796	1215592
Boltonia_023	168372	607796	1215592
Boltonia_024	172779	607796	1215592
Boltonia_025	182120	607796	1215592
Boltonia_026	170908	607796	1215592
Boltonia_027	143227	607796	1215592
Boltonia_028	173811	607796	1215592
Boltonia_029	170934	607796	1215592
Boltonia_030	169291	607796	1215592
Boltonia_031	170207	607796	1215592
Boltonia_032	170575	607796	1215592
Boltonia_033	169457	607796	1215592
Boltonia_034	183443	607796	1215592
Boltonia_035	183112	607796	1215592
Boltonia_036	183694	607796	1215592
Boltonia_037	171023	607796	1215592
Boltonia_038	170581	607796	1215592
Boltonia_039	171265	607796	1215592
Boltonia_040	168499	607796	1215592
Boltonia_042	183591	607796	1215592
Boltonia_043	170696	607796	1215592
Boltonia_044	169746	607796	1215592
Boltonia_045	168465	607796	1215592
Boltonia_046	167677	607796	1215592
Boltonia_047	169401	607796	1215592
Boltonia_048	170699	607796	1215592
Boltonia_050	172098	607796	1215592
Boltonia_051	181135	607796	1215592
Boltonia_052	178909	607796	1215592
Boltonia_053	171584	607796	1215592
Boltonia_054	169440	607796	1215592
Boltonia_055	168955	607796	1215592
Boltonia_056	170109	607796	1215592
Boltonia_057	169877	607796	1215592
Boltonia_058	148085	607796	1215592
Boltonia_059	174138	607796	1215592
Boltonia_060	172180	607796	1215592
Boltonia_061	171743	607796	1215592
Boltonia_062	170260	607796	1215592
Boltonia_063	170617	607796	1215592
Boltonia_064	181160	607796	1215592
Boltonia_065	170233	607796	1215592
Boltonia_066	170413	607796	1215592
Boltonia_067	158517	607796	1215592
Boltonia_070	171020	607796	1215592
Boltonia_071	171549	607796	1215592
Boltonia_072	180378	607796	1215592
Boltonia_073	170898	607796	1215592
Boltonia_074	170190	607796	1215592
Boltonia_075	171747	607796	1215592
Boltonia_076	172322	607796	1215592
Boltonia_077	169406	607796	1215592
Boltonia_078	171565	607796	1215592
Boltonia_079	169036	607796	1215592
Boltonia_080	170184	607796	1215592
Boltonia_081	170731	607796	1215592
Boltonia_083	151263	607796	1215592
Boltonia_084	173119	607796	1215592
Boltonia_085	170170	607796	1215592
Boltonia_086	172313	607796	1215592
Boltonia_087	168959	607796	1215592
Boltonia_088	169887	607796	1215592
Boltonia_089	170603	607796	1215592
Boltonia_090	170631	607796	1215592
Boltonia_091	151253	607796	1215592
Boltonia_092	169781	607796	1215592
Boltonia_093	171573	607796	1215592
Boltonia_094	171897	607796	1215592
Boltonia_095	173617	607796	1215592
Boltonia_096	173010	607796	1215592
Boltonia_097	168297	607796	1215592
Boltonia_098	170773	607796	1215592
Boltonia_099	173169	607796	1215592
Boltonia_100	168481	607796	1215592
Boltonia_101	170627	607796	1215592
Boltonia_102	156672	607796	1215592
Boltonia_103	144838	607796	1215592
Boltonia_105	171515	607796	1215592
Boltonia_106	169030	607796	1215592
Boltonia_107	169593	607796	1215592
Boltonia_108	169417	607796	1215592
Boltonia_109	172384	607796	1215592
Boltonia_110	170180	607796	1215592
Boltonia_111	169618	607796	1215592
Boltonia_112	169014	607796	1215592
Boltonia_113	168143	607796	1215592
Boltonia_114	183606	607796	1215592
Boltonia_115	170460	607796	1215592
Boltonia_116	169005	607796	1215592
Boltonia_117	170899	607796	1215592
Boltonia_118	169387	607796	1215592
Boltonia_119	168542	607796	1215592
Boltonia_120	167472	607796	1215592
Boltonia_121	168424	607796	1215592
Boltonia_123	167119	607796	1215592
Boltonia_124	170771	607796	1215592
Boltonia_125	172009	607796	1215592
Boltonia_126	177699	607796	1215592
Boltonia_127	170488	607796	1215592
Boltonia_128	170436	607796	1215592
Boltonia_129	169516	607796	1215592
Boltonia_130	170360	607796	1215592
Boltonia_131	172081	607796	1215592
Boltonia_132	170895	607796	1215592
Boltonia_133	168674	607796	1215592
Boltonia_134	170946	607796	1215592
Boltonia_135	167489	607796	1215592
Boltonia_136	170118	607796	1215592
Boltonia_137	171592	607796	1215592
Boltonia_138	171881	607796	1215592
Boltonia_139	181539	607796	1215592
Boltonia_140	165754	607796	1215592
Boltonia_141	181278	607796	1215592
Boltonia_142	170388	607796	1215592
Boltonia_143	169059	607796	1215592
Boltonia_144	169054	607796	1215592
Boltonia_145	179545	607796	1215592
Boltonia_146	172225	607796	1215592
Boltonia_147	169193	607796	1215592
Boltonia_148	169622	607796	1215592
Boltonia_149	165558	607796	1215592
Boltonia_150	170038	607796	1215592
Boltonia_151	170179	607796	1215592
Boltonia_152	167377	607796	1215592
Boltonia_153	180962	607796	1215592
Boltonia_154	171332	607796	1215592
Boltonia_155	180648	607796	1215592
Boltonia_157	171177	607796	1215592
Boltonia_158	169234	607796	1215592
Boltonia_159	171123	607796	1215592
Boltonia_160	173900	607796	1215592
Boltonia_161	171264	607796	1215592
Boltonia_162	170181	607796	1215592
Boltonia_163	170990	607796	1215592
Boltonia_164	169276	607796	1215592
Boltonia_165	182539	607796	1215592
Boltonia_167	167760	607796	1215592
Boltonia_168	170364	607796	1215592
Boltonia_169	181949	607796	1215592
Boltonia_170	170262	607796	1215592
Boltonia_171	130142	607796	1215592
Boltonia_172	169371	607796	1215592
Boltonia_173	170036	607796	1215592
Boltonia_174	170197	607796	1215592
Boltonia_175	169734	607796	1215592
Boltonia_176	180960	607796	1215592
Boltonia_177	172101	607796	1215592
Boltonia_178	182026	607796	1215592
Boltonia_179	169440	607796	1215592
Boltonia_180	172238	607796	1215592
Boltonia_181	173839	607796	1215592
Boltonia_182	172250	607796	1215592
Boltonia_183	171466	607796	1215592
Boltonia_184	181963	607796	1215592
Boltonia_185	171587	607796	1215592
Boltonia_186	170888	607796	1215592
Boltonia_187	170166	607796	1215592
Boltonia_188	168942	607796	1215592
Boltonia_189	170694	607796	1215592
Boltonia_190	147352	607796	1215592
Boltonia_191	172140	607796	1215592
Boltonia_192	171691	607796	1215592
Boltonia_193	170454	607796	1215592
Boltonia_194	169476	607796	1215592
Boltonia_195	169047	607796	1215592
Boltonia_196	181950	607796	1215592
Boltonia_197	168279	607796	1215592
Boltonia_198	173409	607796	1215592
Boltonia_200	173104	607796	1215592
Boltonia_201	168766	607796	1215592
Boltonia_202	170179	607796	1215592
Boltonia_203	181400	607796	1215592
Boltonia_204	172164	607796	1215592
Boltonia_205	170295	607796	1215592
Boltonia_207	171139	607796	1215592
Boltonia_208	172125	607796	1215592
Boltonia_209	169095	607796	1215592
Boltonia_210	172323	607796	1215592
Boltonia_211	182160	607796	1215592
Boltonia_212	171016	607796	1215592
Boltonia_213	180376	607796	1215592
Boltonia_214	179978	607796	1215592
Boltonia_215	168953	607796	1215592
Boltonia_217	168822	607796	1215592
Boltonia_218	147898	607796	1215592
Boltonia_219	168655	607796	1215592
Boltonia_220	171542	607796	1215592
Boltonia_221	171311	607796	1215592
Boltonia_222	169869	607796	1215592
Boltonia_224	171783	607796	1215592
Boltonia_225	146174	607796	1215592
Boltonia_226	181221	607796	1215592
Boltonia_227	170142	607796	1215592
Boltonia_228	170999	607796	1215592
Boltonia_229	170672	607796	1215592
Boltonia_230	171312	607796	1215592
Boltonia_231	171010	607796	1215592
Boltonia_232	169236	607796	1215592
Boltonia_233	170901	607796	1215592
Boltonia_234	169237	607796	1215592
Boltonia_235	167326	607796	1215592
Boltonia_236	172332	607796	1215592
Boltonia_237	169874	607796	1215592
Boltonia_238	171445	607796	1215592
Boltonia_239	172154	607796	1215592
Boltonia_240	170454	607796	1215592
Boltonia_241	171946	607796	1215592
Boltonia_242	169965	607796	1215592
Boltonia_243	170143	607796	1215592
Boltonia_244	174179	607796	1215592
Boltonia_245	171836	607796	1215592
Boltonia_246	169985	607796	1215592
Boltonia_247	179893	607796	1215592
Boltonia_248	181515	607796	1215592
Boltonia_249	169950	607796	1215592
Boltonia_250	147675	607796	1215592
Boltonia_251	171935	607796	1215592
Boltonia_253	181277	607796	1215592
Boltonia_254	171861	607796	1215592
Boltonia_255	180840	607796	1215592
Boltonia_256	170970	607796	1215592
Boltonia_257	170504	607796	1215592
Boltonia_258	171140	607796	1215592
Boltonia_259	150873	607796	1215592
Boltonia_260	170431	607796	1215592
Boltonia_261	180528	607796	1215592
Boltonia_262	181320	607796	1215592
Boltonia_263	170057	607796	1215592
Boltonia_264	139381	607796	1215592
Boltonia_265	170596	607796	1215592
Boltonia_267	148245	607796	1215592
Boltonia_268	168714	607796	1215592
Boltonia_269	169930	607796	1215592
Boltonia_270	170251	607796	1215592
Boltonia_271	169364	607796	1215592
Boltonia_272	169200	607796	1215592
Boltonia_273	173765	607796	1215592
Boltonia_274	170646	607796	1215592
Boltonia_275	170181	607796	1215592
Boltonia_276	171152	607796	1215592
Boltonia_277	171165	607796	1215592
Boltonia_278	169946	607796	1215592
Boltonia_279	153026	607796	1215592
Boltonia_280	169300	607796	1215592
Boltonia_281	180539	607796	1215592
Boltonia_282	170761	607796	1215592
Boltonia_283	181787	607796	1215592
Boltonia_284	171126	607796	1215592
Boltonia_285	168264	607796	1215592
Boltonia_286	173414	607796	1215592
Boltonia_287	171103	607796	1215592
Boltonia_288	150895	607796	1215592
Boltonia_289	168964	607796	1215592
Boltonia_290	170602	607796	1215592
Boltonia_291	169344	607796	1215592
Boltonia_292	171140	607796	1215592
Boltonia_293	172786	607796	1215592
Boltonia_294	170528	607796	1215592
Boltonia_295	173636	607796	1215592
Boltonia_296	172883	607796	1215592
Boltonia_298	179488	607796	1215592
Boltonia_299	169103	607796	1215592
Boltonia_301	171256	607796	1215592
Boltonia_302	168982	607796	1215592
Boltonia_303	182352	607796	1215592
Boltonia_304	170131	607796	1215592
Boltonia_305	170613	607796	1215592
Boltonia_306	170427	607796	1215592
Boltonia_307	169698	607796	1215592
Boltonia_308	182074	607796	1215592
Boltonia_309	169769	607796	1215592
Boltonia_310	169321	607796	1215592
Boltonia_311	168871	607796	1215592
Boltonia_312	169430	607796	1215592
Boltonia_313	168836	607796	1215592
Boltonia_315	169930	607796	1215592
Boltonia_316	168521	607796	1215592
Boltonia_317	167995	607796	1215592
Boltonia_318	173132	607796	1215592
Boltonia_320	139124	607796	1215592
Boltonia_321	181176	607796	1215592
Boltonia_322	171161	607796	1215592
Boltonia_323	170417	607796	1215592
Boltonia_324	180755	607796	1215592
Boltonia_325	169853	607796	1215592
Boltonia_326	182707	607796	1215592
Boltonia_327	170231	607796	1215592
Boltonia_329	171009	607796	1215592
Boltonia_330	170721	607796	1215592
Boltonia_331	170968	607796	1215592
Boltonia_332	170416	607796	1215592
Boltonia_334	171915	607796	1215592
Boltonia_335	143769	607796	1215592
Boltonia_336	172173	607796	1215592
Boltonia_337	169321	607796	1215592
Boltonia_338	170245	607796	1215592
Boltonia_339	167012	607796	1215592
Boltonia_341	170039	607796	1215592
Boltonia_342	171860	607796	1215592
Boltonia_343	172643	607796	1215592
Boltonia_344	171814	607796	1215592
Boltonia_345	173445	607796	1215592
Boltonia_349	174582	607796	1215592
Boltonia_350	169717	607796	1215592
Boltonia_351	173965	607796	1215592
Boltonia_352	171320	607796	1215592
Boltonia_353	172511	607796	1215592
Boltonia_354	170899	607796	1215592
Boltonia_355	170997	607796	1215592
Boltonia_356	175302	607796	1215592
Boltonia_358	173083	607796	1215592
Boltonia_359	183371	607796	1215592
Boltonia_360	145152	607796	1215592
Boltonia_361	149324	607796	1215592
Boltonia_362	170386	607796	1215592
Boltonia_363	171986	607796	1215592
Boltonia_364	174934	607796	1215592
Boltonia_365	172388	607796	1215592
Boltonia_366	170077	607796	1215592
Boltonia_367	153711	607796	1215592
Boltonia_368	183669	607796	1215592
Boltonia_370	171061	607796	1215592
Boltonia_371	169831	607796	1215592
Boltonia_372	169254	607796	1215592
Boltonia_373	172018	607796	1215592
Boltonia_374	169222	607796	1215592
Boltonia_375	168590	607796	1215592
Boltonia_376	172463	607796	1215592
Boltonia_377	170880	607796	1215592
Boltonia_378	169269	607796	1215592
Boltonia_379	171374	607796	1215592
Boltonia_380	172479	607796	1215592
Boltonia_381	174144	607796	1215592
Boltonia_382	172356	607796	1215592
Boltonia_383	170195	607796	1215592
Boltonia_384	152255	607796	1215592
Boltonia_385	172466	607796	1215592
Boltonia_386	171945	607796	1215592
Boltonia_387	171631	607796	1215592
Boltonia_388	168970	607796	1215592
Boltonia_389	169907	607796	1215592
Boltonia_390	168742	607796	1215592
Boltonia_392	172158	607796	1215592
Boltonia_393	168871	607796	1215592
Boltonia_394	171630	607796	1215592
Boltonia_395	169866	607796	1215592
Boltonia_396	181780	607796	1215592
Boltonia_397	166621	607796	1215592
Boltonia_398	171843	607796	1215592
Boltonia_399	171077	607796	1215592
Boltonia_400	167643	607796	1215592
Boltonia_401	169885	607796	1215592
Boltonia_402	170115	607796	1215592
Boltonia_403	170810	607796	1215592
Boltonia_404	173635	607796	1215592
Boltonia_405	170083	607796	1215592
Boltonia_408	169414	607796	1215592
Boltonia_409	172094	607796	1215592
Boltonia_411	169617	607796	1215592
Boltonia_412	172958	607796	1215592
Boltonia_413	169577	607796	1215592
Boltonia_415	171046	607796	1215592
Boltonia_417	169793	607796	1215592
Boltonia_418	183964	607796	1215592
Boltonia_420	168450	607796	1215592
Boltonia_421	170742	607796	1215592
Boltonia_422	180610	607796	1215592
Boltonia_423	180143	607796	1215592
Boltonia_424	145196	607796	1215592
Boltonia_425	173566	607796	1215592
Boltonia_426	172017	607796	1215592
Boltonia_427	166340	607796	1215592
Boltonia_428	169920	607796	1215592
Boltonia_429	172349	607796	1215592
Boltonia_430	136948	607796	1215592
Boltonia_431	169942	607796	1215592
Boltonia_432	167200	607796	1215592
Boltonia_433	171968	607796	1215592
Boltonia_434	169398	607796	1215592
Boltonia_435	76311	607796	1215592
Boltonia_436	171020	607796	1215592
Boltonia_437	170783	607796	1215592
Boltonia_438	170109	607796	1215592
Boltonia_441	148034	607796	1215592
Boltonia_442	117605	607796	1215592
Boltonia_443	181390	607796	1215592
Boltonia_444	173203	607796	1215592
Boltonia_445	169337	607796	1215592
Boltonia_446	179452	607796	1215592
Boltonia_448	145324	607796	1215592
Boltonia_449	169702	607796	1215592
Boltonia_452	179699	607796	1215592
Boltonia_453	150636	607796	1215592
Boltonia_454	171253	607796	1215592
Boltonia_455	173156	607796	1215592
Boltonia_456	154799	607796	1215592
Boltonia_457	181222	607796	1215592
Boltonia_458	169984	607796	1215592
Boltonia_459	171241	607796	1215592
Boltonia_460	171255	607796	1215592
Boltonia_461	182603	607796	1215592
Boltonia_462	167341	607796	1215592
Boltonia_463	171969	607796	1215592
Boltonia_465	170973	607796	1215592
Boltonia_466	182352	607796	1215592
Boltonia_467	181904	607796	1215592
Boltonia_468	149035	607796	1215592
