CHR	POS	ID	end	start	lag_pos	pos_pad	padded_start	padded_end	padded_chr_pos	padded_pos
1	18026626	Chr_1_18026626	47358366	1	0	0	0	47358366	23679183	18026626
1	18026760	Chr_1_18026760	47358366	1	0	0	0	47358366	23679183	18026760
1	18026863	Chr_1_18026863	47358366	1	0	0	0	47358366	23679183	18026863
1	18041584	Chr_1_18041584	47358366	1	0	0	0	47358366	23679183	18041584
1	18043320	Chr_1_18043320	47358366	1	0	0	0	47358366	23679183	18043320
1	18043340	Chr_1_18043340	47358366	1	0	0	0	47358366	23679183	18043340
1	18043369	Chr_1_18043369	47358366	1	0	0	0	47358366	23679183	18043369
1	18043370	Chr_1_18043370	47358366	1	0	0	0	47358366	23679183	18043370
1	18045836	Chr_1_18045836	47358366	1	0	0	0	47358366	23679183	18045836
1	18045880	Chr_1_18045880	47358366	1	0	0	0	47358366	23679183	18045880
1	18045913	Chr_1_18045913	47358366	1	0	0	0	47358366	23679183	18045913
1	18045944	Chr_1_18045944	47358366	1	0	0	0	47358366	23679183	18045944
1	18045957	Chr_1_18045957	47358366	1	0	0	0	47358366	23679183	18045957
1	18049974	Chr_1_18049974	47358366	1	0	0	0	47358366	23679183	18049974
1	18068136	Chr_1_18068136	47358366	1	0	0	0	47358366	23679183	18068136
1	18068142	Chr_1_18068142	47358366	1	0	0	0	47358366	23679183	18068142
1	18068170	Chr_1_18068170	47358366	1	0	0	0	47358366	23679183	18068170
1	18068664	Chr_1_18068664	47358366	1	0	0	0	47358366	23679183	18068664
1	18069648	Chr_1_18069648	47358366	1	0	0	0	47358366	23679183	18069648
1	18075693	Chr_1_18075693	47358366	1	0	0	0	47358366	23679183	18075693
1	18081320	Chr_1_18081320	47358366	1	0	0	0	47358366	23679183	18081320
1	18081361	Chr_1_18081361	47358366	1	0	0	0	47358366	23679183	18081361
1	18086307	Chr_1_18086307	47358366	1	0	0	0	47358366	23679183	18086307
1	18112323	Chr_1_18112323	47358366	1	0	0	0	47358366	23679183	18112323
1	18152615	Chr_1_18152615	47358366	1	0	0	0	47358366	23679183	18152615
1	18153942	Chr_1_18153942	47358366	1	0	0	0	47358366	23679183	18153942
1	18153958	Chr_1_18153958	47358366	1	0	0	0	47358366	23679183	18153958
1	18153963	Chr_1_18153963	47358366	1	0	0	0	47358366	23679183	18153963
1	18154165	Chr_1_18154165	47358366	1	0	0	0	47358366	23679183	18154165
1	18171170	Chr_1_18171170	47358366	1	0	0	0	47358366	23679183	18171170
1	18171807	Chr_1_18171807	47358366	1	0	0	0	47358366	23679183	18171807
1	18210569	Chr_1_18210569	47358366	1	0	0	0	47358366	23679183	18210569
1	18210725	Chr_1_18210725	47358366	1	0	0	0	47358366	23679183	18210725
1	18210743	Chr_1_18210743	47358366	1	0	0	0	47358366	23679183	18210743
1	18218397	Chr_1_18218397	47358366	1	0	0	0	47358366	23679183	18218397
1	18593028	Chr_1_18593028	47358366	1	0	0	0	47358366	23679183	18593028
1	18593031	Chr_1_18593031	47358366	1	0	0	0	47358366	23679183	18593031
1	18638207	Chr_1_18638207	47358366	1	0	0	0	47358366	23679183	18638207
1	18638268	Chr_1_18638268	47358366	1	0	0	0	47358366	23679183	18638268
1	18638275	Chr_1_18638275	47358366	1	0	0	0	47358366	23679183	18638275
1	18638294	Chr_1_18638294	47358366	1	0	0	0	47358366	23679183	18638294
1	18639065	Chr_1_18639065	47358366	1	0	0	0	47358366	23679183	18639065
1	18687989	Chr_1_18687989	47358366	1	0	0	0	47358366	23679183	18687989
1	18702632	Chr_1_18702632	47358366	1	0	0	0	47358366	23679183	18702632
9	9893606	Chr_9_9893606	60788637	1	34464531	376970361	376970361	437758998	407364679.5	386863967
