CHR	POS
1	2013393
1	2016490
1	2016521
1	2017173
1	2017337
1	2017553
1	2022031
1	2022597
1	2022598
1	2023040
1	2023079
1	2023094
1	2023173
1	2023536
1	2023653
1	2024145
1	2024256
1	2024288
1	2024358
1	2024944
1	2025403
1	2029930
1	2033281
1	2033420
1	2033422
1	2033540
1	2033587
1	2033608
1	2033926
1	2033928
1	2034114
1	2034208
1	2036123
1	2036230
1	2036346
1	2036347
1	2036361
1	2036368
1	2036426
1	2036428
1	2057102
1	3532025
1	5071223
1	5514687
1	8903418
1	18026626
1	18026760
1	18026863
1	18041584
1	18043320
1	18043340
1	18043369
1	18043370
1	18045836
1	18045880
1	18045913
1	18045944
1	18045957
1	18049974
1	18068136
1	18068142
1	18068170
1	18068664
1	18069648
1	18075693
1	18081320
1	18081361
1	18085105
1	18085126
1	18085143
1	18085281
1	18086307
1	18086402
1	18086449
1	18086603
1	18086609
1	18086695
1	18086738
1	18086813
1	18086852
1	18087634
1	18087636
1	18087640
1	18087689
1	18087703
1	18087721
1	18087829
1	18088081
1	18088149
1	18088172
1	18088773
1	18112323
1	18121055
1	18121561
1	18150488
1	18152615
1	18153942
1	18153958
1	18153963
1	18154165
1	18156319
1	18157775
1	18157887
1	18157896
1	18157900
1	18164418
1	18164445
1	18164460
1	18168397
1	18168403
1	18171170
1	18171807
1	18210569
1	18210704
1	18210725
1	18210743
1	18218397
1	18592707
1	18592807
1	18592812
1	18592833
1	18592836
1	18592872
1	18592877
1	18592899
1	18592906
1	18592984
1	18592990
1	18593028
1	18593031
1	18593048
1	18593195
1	18593222
1	18593245
1	18593251
1	18593263
1	18593271
1	18593285
1	18593289
1	18593349
1	18593380
1	18593423
1	18593445
1	18593469
1	18626746
1	18626870
1	18626907
1	18626966
1	18627012
1	18627088
1	18627123
1	18638207
1	18638268
1	18638275
1	18638294
1	18639065
1	18672359
1	18672385
1	18687989
1	18702632
1	19325866
1	19325872
1	20542202
1	20557143
1	20557720
1	20566773
1	22011696
1	22011780
1	22011809
1	22011971
1	22011976
1	22011994
1	22011998
1	22012036
1	22012046
1	22012335
1	22012643
1	22013264
1	22027213
1	22030398
1	22031178
1	22031352
1	22032271
1	22032562
1	22032753
1	22032947
1	22033570
1	22033621
1	22033636
1	22034150
1	22034756
1	22035555
1	22035732
1	22035999
1	22036333
1	22036345
1	22036482
1	22037176
1	22037359
1	22037524
1	22037905
1	22037912
1	22596416
1	22596987
1	22597434
1	22598218
1	22598222
1	22598301
1	22598540
1	22598565
1	22598794
1	22599212
1	22599373
1	22599427
1	22603466
1	22603520
1	22604893
1	22609439
1	22612252
1	22612603
1	22612642
1	22613722
1	22615704
1	22617072
2	10616572
2	13093346
2	19680743
2	24586981
2	42138480
2	42263349
2	42266331
2	42266335
2	42272895
2	42273250
2	42281732
2	42313001
2	42358541
2	42376669
2	42405064
2	42428933
2	42428964
2	42430689
2	42442906
2	42447750
2	42452266
2	42452267
4	21291505
4	21292497
4	21293008
4	33587117
4	33602079
4	33602139
4	36911113
4	37002127
4	37002193
4	37110243
4	38624316
4	38625830
4	40363764
4	40572788
5	6853697
5	8455490
5	17516475
5	21157545
5	21157575
5	21157679
6	3724341
6	12707476
6	26563846
6	27593384
6	34171530
6	34177256
6	34178385
6	34179134
6	34179139
6	48900464
7	8256609
7	8257265
7	8257458
7	8268203
7	8268362
7	8268406
7	8270470
7	8270614
7	21397996
7	21746959
7	22282165
7	22305293
7	22305354
7	22305366
7	22305371
7	22305403
7	22305527
7	22305532
7	22307441
7	22307664
7	22307917
7	22307933
7	22377205
7	22377397
7	22378262
7	23767916
7	23767925
7	23768114
7	23768248
7	23768956
7	23768961
7	23769633
7	23770024
7	23770198
7	23770494
7	23770531
7	23770581
7	23770706
7	23771214
7	23771232
7	23771233
7	23771319
7	23771337
7	23771471
7	23771493
7	23771710
7	23773618
7	23773633
7	23773745
7	23774169
7	23774774
7	23775021
7	23777939
7	23778183
7	23786446
8	3250509
8	3251470
8	3251720
8	3251871
8	3251873
8	3251879
8	3252069
8	3252154
8	3252156
8	3252429
8	3252670
8	3252717
8	3253179
8	3253703
8	3254359
8	11644497
8	14294452
8	14294584
8	14306899
8	14307379
8	14307636
8	14308138
8	14308667
8	14308834
8	14309157
8	14309694
8	14310372
8	14311468
8	14313296
8	14313633
8	14313684
8	14313753
8	14314807
8	14356360
8	14356460
8	14356984
8	14357062
8	14357188
8	14357394
8	14358306
8	14361945
8	14361986
8	14362696
8	14363696
8	14363805
8	14364686
8	14365057
8	14365116
8	14365767
8	14365831
8	14365926
8	14366056
8	14366145
8	14366284
8	14366422
8	14366514
8	14366536
8	14366588
8	14367426
8	14368207
8	14368752
8	14368940
8	14369169
8	14369174
8	14369204
8	14369208
8	14369256
8	14369274
8	14369363
8	14369391
8	14369909
8	14370339
8	14370512
8	14370601
8	14370621
8	14370638
8	14370864
8	14370968
8	14370980
8	14372186
8	14372292
8	14404350
8	14404448
8	14404478
8	14404725
8	14405337
8	14406261
8	14407056
8	14407647
8	14407818
8	14407914
8	14408017
8	14408032
8	14408120
8	14408121
8	14408343
8	14408417
8	14408461
8	14408462
8	14408625
8	14408781
8	14408909
8	14408945
8	14408993
8	14409030
8	14409062
8	14409066
8	14409107
8	14409116
8	14409134
8	14409171
8	14409325
8	14409369
8	14409383
8	14409458
8	14409577
8	14410470
8	14410480
8	14410600
8	14411488
8	14411633
8	14411644
8	14411730
8	14412384
8	14412567
8	14413703
8	14417476
8	14418498
8	14418581
8	14418618
8	14418770
8	14419233
8	14440860
8	14441171
8	14441273
8	14441291
8	14441312
8	14441778
8	14441968
8	14441975
8	14442047
8	14442093
8	14442205
8	14442726
8	14443281
8	14443313
8	14443759
8	14443771
8	14443889
8	14443927
8	14460820
8	14460857
8	14460861
8	14461246
8	14461281
8	14461800
8	14461923
8	14462551
8	14462586
8	14462789
8	14464207
8	14464423
8	14465641
8	14484041
8	14497094
8	14497592
8	14498248
8	14498418
8	14498546
8	14499407
8	14499547
8	14499580
8	14499607
8	14499647
8	14499949
8	14500019
8	14500035
8	14500051
8	14500091
8	14500546
8	14503113
8	14513281
8	14523371
8	14523739
8	14523764
8	14523768
8	14524705
8	14524959
8	14525179
8	14529212
8	14529668
8	14529721
8	14531633
8	14837945
8	14854394
8	14855209
8	14857750
8	14857837
8	14858074
8	14858076
8	14859025
8	14859045
8	14859109
8	14859131
8	14859184
8	14859212
8	14859307
8	14859336
8	14859472
8	14859571
8	14859572
8	14904962
8	14905964
8	14917795
8	14921728
8	14921752
8	14924359
8	14924438
8	14924541
8	14938535
8	14938797
8	14938928
8	14939560
8	14939643
8	14939664
8	14939708
8	14939727
8	14939748
8	14978138
8	16499007
8	20065437
8	20065464
8	20065490
8	20066266
8	25445980
8	25525352
8	25525732
8	25525747
8	25525787
8	25525799
8	25526144
8	25526149
8	25526177
8	25526315
8	25526366
8	25526381
8	25526393
8	25526419
8	25527467
8	25527731
8	25528026
8	25559857
9	9893606
9	9894114
9	14166388
9	14166443
9	14167459
9	14167467
9	14167493
9	14168413
9	14168542
9	14168558
9	14394093
9	14395063
9	14397446
9	14397449
9	14428921
9	14447235
9	14475541
9	24970382
9	51146750
9	51146751
9	58629277
9	58629484
9	58629487
9	58629713
