qseqid	gene	protein_name	uniprot_acc	organism	Function
g1066	ENT3	Equilibrative nucleotide transporter 3	Q9M0Y3	Arabidopsis thaliana	Nucleoside transporter that functions as a pyrimidine nucleoside carrier in all organs. Has high affinity for adenosine and uridine when expressed in a heterologous system (yeast). Mediates proton-dependent adenosine or uridine transport in Xenopus oocytes. {ECO:0000269|PubMed:12810710, ECO:0000269|PubMed:15228386, ECO:0000269|PubMed:17253988, ECO:0000269|PubMed:22372734}.
g1067	MYB15	Transcription factor MYB15	Q9LTC4	Arabidopsis thaliana	Transcription factor involved in cold-regulation of CBF genes and in the development of freezing tolerance. May be part of a complex network of transcription factors controlling the expression of CBF genes and other genes in response to cold stress. Binds to the MYB recognition sequences in the promoters of CBF1, CBF2 and CBF3 genes (PubMed:17015446). Involved in drought and salt tolerance. May enhance expression levels of genes involved in abscisic acid (ABA) biosynthesis and signaling, as well as those encoding stress-protective proteins (PubMed:19161942). {ECO:0000269|PubMed:17015446, ECO:0000269|PubMed:19161942}.
g1069	PVA42	Vesicle-associated protein 4-2	Q8VYN2	Arabidopsis thaliana	May play a role in vesicle trafficking. {ECO:0000250}.
g1072	UBC23	Probable ubiquitin-conjugating enzyme E2 23	Q9ZVX1	Arabidopsis thaliana	Accepts the ubiquitin from the E1 complex and catalyzes its covalent attachment to other proteins. {ECO:0000250|UniProtKB:P42743}.
g1074	UBC24	Probable ubiquitin-conjugating enzyme E2 24	Q8VY10	Arabidopsis thaliana	E2 ubiquitin-protein ligase that mediates E1-dependent protein ubiquitination (PubMed:24474629). Mediates PHO1 degradation through multivesicular body-mediated vacuolar proteolysis in response to inorganic phosphate (Pi) availability (PubMed:22634761). Negatively regulates the protein abundance of PHF1 and PHT1s under Pi-sufficient conditions by facilitating the degradation of PHT1 proteins at the endomembrane (PubMed:22634761, PubMed:24122829). Functions cooperatively with NLA to regulate the abundance of the inorganic phosphate (Pi) transporters PHT1-1, PHT1-2 and PHT1-3 in different subcellular compartments (PubMed:24122828). Regulates Pi homeostasis by mediating, cooperatively with NLA, polyubiquitination of PHT1-4 and its targeting for degradation (PubMed:24474629). {ECO:0000269|PubMed:22634761, ECO:0000269|PubMed:24122828, ECO:0000269|PubMed:24122829, ECO:0000269|PubMed:24474629}.
g1078	STC	Sugar carrier protein C	Q41144	Ricinus communis	NA
g1079	ESP1	Separase	Q5IBC5	Arabidopsis thaliana	Cleaves SYN1, releasing sister chromatid cohesion. Required for the release of cohesin at anaphase I and anaphase II, whereas the release of cohesin during diplotene and diakinesis occurs in a separase-independent process. Essential for embryo and endosperm development. May play a role in centromeric heterochromatin structure/formation during early meiosis, non-homologous centromere association and radial microtubule system (RMS) formation. May regulate the mitosis-specific cyclin CYCB1-1. {ECO:0000269|PubMed:16582011, ECO:0000269|PubMed:19592426, ECO:0000269|PubMed:20150278, ECO:0000269|PubMed:21559383}.
g1080	ESP1	Separase	Q5IBC5	Arabidopsis thaliana	Cleaves SYN1, releasing sister chromatid cohesion. Required for the release of cohesin at anaphase I and anaphase II, whereas the release of cohesin during diplotene and diakinesis occurs in a separase-independent process. Essential for embryo and endosperm development. May play a role in centromeric heterochromatin structure/formation during early meiosis, non-homologous centromere association and radial microtubule system (RMS) formation. May regulate the mitosis-specific cyclin CYCB1-1. {ECO:0000269|PubMed:16582011, ECO:0000269|PubMed:19592426, ECO:0000269|PubMed:20150278, ECO:0000269|PubMed:21559383}.
g1081	ESP1	Separase	Q5IBC5	Arabidopsis thaliana	Cleaves SYN1, releasing sister chromatid cohesion. Required for the release of cohesin at anaphase I and anaphase II, whereas the release of cohesin during diplotene and diakinesis occurs in a separase-independent process. Essential for embryo and endosperm development. May play a role in centromeric heterochromatin structure/formation during early meiosis, non-homologous centromere association and radial microtubule system (RMS) formation. May regulate the mitosis-specific cyclin CYCB1-1. {ECO:0000269|PubMed:16582011, ECO:0000269|PubMed:19592426, ECO:0000269|PubMed:20150278, ECO:0000269|PubMed:21559383}.
g1082	PUB4	U-box domain-containing protein 4	O22193	Arabidopsis thaliana	Functions as an E3 ubiquitin ligase. {ECO:0000250}.
g1084	TIR1	Protein TRANSPORT INHIBITOR RESPONSE 1	Q570C0	Arabidopsis thaliana	Auxin receptor that mediates Aux/IAA proteins proteasomal degradation and auxin-regulated transcription. The SCF(TIR1) E3 ubiquitin ligase complex is involved in auxin-mediated signaling pathway that regulate root and hypocotyl growth, lateral root formation, cell elongation, and gravitropism. Appears to allow pericycle cells to overcome G2 arrest prior to lateral root development. Plays a role in ethylene signaling in roots. Confers sensitivity to the virulent bacterial pathogen P.syringae. {ECO:0000269|PubMed:10398681, ECO:0000269|PubMed:12606727, ECO:0000269|PubMed:15917797, ECO:0000269|PubMed:15917798, ECO:0000269|PubMed:15992545, ECO:0000269|PubMed:16627744, ECO:0000269|PubMed:18391211, ECO:0000269|PubMed:9436980}.
g1085	TY3B-I	Transposon Ty3-I Gag-Pol polyprotein	Q7LHG5	Saccharomyces cerevisiae (strain ATCC 204508 / S288c)	Capsid protein (CA) is the structural component of the virus-like particle (VLP), forming the shell that encapsulates the genomic RNA-nucleocapsid complex. {ECO:0000250}.; FUNCTION: Nucleocapsid protein p11 (NC) forms the nucleocore that coats the retro-elements dimeric RNA. Binds these RNAs through its zinc fingers (By similarity). Promotes primer tRNA(i)-Met annealing to the multipartite primer-binding site (PBS), dimerization of Ty3 RNA and initiation of reverse transcription (By similarity). {ECO:0000250}.; FUNCTION: The aspartyl protease (PR) mediates the proteolytic cleavages of the Gag and Gag-Pol polyproteins after assembly of the VLP. {ECO:0000250}.; FUNCTION: Reverse transcriptase/ribonuclease H (RT) is a multifunctional enzyme that catalyzes the conversion of the retro-elements RNA genome into dsDNA within the VLP. The enzyme displays a DNA polymerase activity that can copy either DNA or RNA templates, and a ribonuclease H (RNase H) activity that cleaves the RNA strand of RNA-DNA heteroduplexes during plus-strand synthesis and hydrolyzes RNA primers. The conversion leads to a linear dsDNA copy of the retrotransposon that includes long terminal repeats (LTRs) at both ends (By similarity). {ECO:0000250}.; FUNCTION: Integrase (IN) targets the VLP to the nucleus, where a subparticle preintegration complex (PIC) containing at least integrase and the newly synthesized dsDNA copy of the retrotransposon must transit the nuclear membrane. Once in the nucleus, integrase performs the integration of the dsDNA into the host genome (By similarity). {ECO:0000250}.
g1087	NDB2	External alternative NAD(P)H-ubiquinone oxidoreductase B2, mitochondrial	Q94BV7	Arabidopsis thaliana	Alternative NADH-ubiquinone oxidoreductase which catalyzes the oxidation of mitochondrial NADH does not translocate protons across the inner mitochondrial membrane (By similarity). Calcium-dependent NAD(P)H dehydrogenase; more efficient on NADH. Binds calcium ions. {ECO:0000250, ECO:0000269|PubMed:17673460}.
g1089	rrp7	Ribosomal RNA-processing protein 7	O94683	Schizosaccharomyces pombe (strain 972 / ATCC 24843)	Plays an important role in the synthesis of 18S rRNA but is not required for the 5.8S and 25S pathway. Is necessary for the cleavage at site A2 (By similarity). {ECO:0000250}.
g1091	Tf2-9	Transposon Tf2-9 polyprotein	P0CT40	Schizosaccharomyces pombe (strain 972 / ATCC 24843)	NA
g1092	SKIP27	F-box protein SKIP27	O65416	Arabidopsis thaliana	Component of SCF(ASK-cullin-F-box) E3 ubiquitin ligase complexes, which may mediate the ubiquitination and subsequent proteasomal degradation of target proteins. {ECO:0000250}.
g1093	APC4	Anaphase-promoting complex subunit 4	O65418	Arabidopsis thaliana	Component of the anaphase promoting complex/cyclosome (APC/C), a cell cycle-regulated E3 ubiquitin-protein ligase complex that controls progression through mitosis and the G1 phase of the cell cycle. The APC/C complex controls several key steps in the cell cycle by mediating ubiquitination and subsequent degradation of target proteins such as cyclins. The APC/C complex is required for the female gametophyte development and is involved in several aspect of development by controlling cell division and cell elongation. Involved in the control of endoreduplication (By similarity). {ECO:0000250}.
g1094	CBP60B	Calmodulin-binding protein 60 B	Q9FKL6	Arabidopsis thaliana	Transcription activator that binds DNA in a sequence-specific manner, likely 5'-GAAATTTTGG-3', to promote the expression of target genes. {ECO:0000250|UniProtKB:F4K2R6}.
g1096	SPHK2	Sphingosine kinase 2	F2Y4A3	Arabidopsis thaliana	Involved in the production of sphingolipid metabolites. Phosphorylates sphingosine and various l sphingoid long-chain base (LCB) products, such as phytosphingosine (PHS, 4-hydroxysphinganine), 4-hydroxy-8-sphingenine, 4,8-sphingadienine and D-erythro-dihydrosphingosine, but has a very few activity toward D,L-threo- dihydrosphingosine. Is required for abscisic acid (ABA) signaling that mediates stomatal closure, inhibition of seed germination and root elongation. May function upstream of PLDALPHA1 and phosphatidic acid (PA) in an amplification response to ABA that mediates stomatal closure. {ECO:0000269|PubMed:21330371, ECO:0000269|PubMed:22275366}.
g1100	AGD5	ADP-ribosylation factor GTPase-activating protein AGD5	Q9FL69	Arabidopsis thaliana	GTPase-activating protein (GAP) for ADP ribosylation factor (ARF) (PubMed:19429787). Mediates clathrin-dependent trafficking of vacuolar cargo from the trans-Golgi network (TGN) (PubMed:23771894). Promotes plant growth (PubMed:23771894, PubMed:25763490). Involved in the regulation of membrane trafficking and cell separation during floral organ shedding and abscission (PubMed:19429787, PubMed:20081191, PubMed:20230490, PubMed:23963677). Prevents abscission zone (AZ) cells enlargement (PubMed:23963677, PubMed:25763490). Exhibits ARF-GTPase activity toward ARF1 at TGN (PubMed:21105926). {ECO:0000269|PubMed:19429787, ECO:0000269|PubMed:20081191, ECO:0000269|PubMed:20230490, ECO:0000269|PubMed:21105926, ECO:0000269|PubMed:23771894, ECO:0000269|PubMed:23963677, ECO:0000269|PubMed:25763490}.
g1101	At4g20840	Berberine bridge enzyme-like 21	Q9SVG3	Arabidopsis thaliana	NA
g1102	yabD	Uncharacterized metal-dependent hydrolase YabD	P37545	Bacillus subtilis (strain 168)	NA
g1103	BUsg_343	Uncharacterized metal-dependent hydrolase BUsg_343	Q8K9J1	Buchnera aphidicola subsp. Schizaphis graminum (strain Sg)	NA
g1104	ycfH	Uncharacterized metal-dependent hydrolase YcfH	P0AFQ7	Escherichia coli (strain K12)	Has D-tyrosyl-tRNA deacylase activity in vitro. {ECO:0000269|PubMed:19332551}.
g1105	BGAL8	Beta-galactosidase 8	Q9SCV4	Arabidopsis thaliana	NA
g1108	ZAN	Zonadhesin	Q9Y493	Homo sapiens	Binds in a species-specific manner to the zona pellucida of the egg. May be involved in gamete recognition and/or signaling.
g1109	TP53I3	Quinone oxidoreductase PIG3	Q53FA7	Homo sapiens	Catalyzes the NADPH-dependent reduction of quinones (PubMed:19349281). Exhibits a low enzymatic activity with beta-naphthoquinones, with a strong preference for the ortho-quinone isomer (1,2-beta-naphthoquinone) over the para isomer (1,4-beta-naphthoquinone). Also displays a low reductase activity for non-quinone compounds such as diamine and 2,6-dichloroindophenol (in vitro) (PubMed:19349281). Involved in the generation of reactive oxygen species (ROS) (PubMed:19349281). {ECO:0000269|PubMed:19349281}.
g1111	ZAN	Zonadhesin	Q9Y493	Homo sapiens	Binds in a species-specific manner to the zona pellucida of the egg. May be involved in gamete recognition and/or signaling.
g1112	AGO8	Protein argonaute 8	Q3E984	Arabidopsis thaliana	Involved in RNA-mediated post-transcriptional gene silencing (PTGS). Main component of the RNA-induced silencing complex (RISC) that binds to a short guide RNA such as a microRNA (miRNA) or small interfering RNA (siRNA). RISC uses the mature miRNA or siRNA as a guide for slicer-directed cleavage of homologous mRNAs to repress gene expression (By similarity). {ECO:0000250}.
g1113	NA	Retrovirus-related Pol polyprotein from transposon TNT 1-94	P10978	Nicotiana tabacum	NA
g1117	NDA1	Internal alternative NAD(P)H-ubiquinone oxidoreductase A1, mitochondrial	Q8GWA1	Arabidopsis thaliana	Alternative NADH-ubiquinone oxidoreductase which catalyzes the oxidation of mitochondrial NADH does not translocate protons across the inner mitochondrial membrane. {ECO:0000250}.
g1120	Os03g0255100	Beta-galactosidase 6	Q10NX8	Oryza sativa subsp. japonica	Releases galactose by hydrolysis of plant cell wall galactose-containing polysaccharides such as galacto-xyloglucan, pectic galactan and galactan (in vitro). {ECO:0000269|PubMed:12723614}.
g1121	yabD	Uncharacterized metal-dependent hydrolase YabD	P37545	Bacillus subtilis (strain 168)	NA
g1122	yabD	Uncharacterized metal-dependent hydrolase YabD	P37545	Bacillus subtilis (strain 168)	NA
g1124	At1g11770	Berberine bridge enzyme-like 2	Q9SA99	Arabidopsis thaliana	NA
g1125	At4g20830	Berberine bridge enzyme-like 19	Q9SVG4	Arabidopsis thaliana	NA
g1134	At3g28050	WAT1-related protein At3g28050	Q94JU2	Arabidopsis thaliana	NA
g1135	At3g28050	WAT1-related protein At3g28050	Q94JU2	Arabidopsis thaliana	NA
g1146	NDA1	Internal alternative NAD(P)H-ubiquinone oxidoreductase A1, mitochondrial	M0ZYF3	Solanum tuberosum	Alternative NADH-ubiquinone oxidoreductase which catalyzes the oxidation of mitochondrial NADH does not translocate protons across the inner mitochondrial membrane. {ECO:0000250}.
g1149	AHL	3',5'-bisphosphate nucleotidase AHL	Q38945	Arabidopsis thaliana	Phosphatase that converts adenosine 3'-phosphate 5'-phosphosulfate (PAPS) to adenosine 5'-phosphosulfate (APS) and 3'-phosphoadenosine 5'-phosphate (3'-PAP) to AMP (PubMed:10205895). May regulate the flux of sulfur in the sulfur-activation pathway by converting PAPS to APS (By similarity). Prevents both the toxicity of PAP on RNA processing enzymes as well as the product inhibition by PAP of sulfate conjugation. {ECO:0000250|UniProtKB:Q42546, ECO:0000269|PubMed:10205895}.
g1150	SCAMP3	Secretory carrier-associated membrane protein 3	Q9M5P2	Arabidopsis thaliana	Probably involved in membrane trafficking. {ECO:0000250}.
g1151	DHDPS2	4-hydroxy-tetrahydrodipicolinate synthase 2, chloroplastic	Q9FVC8	Arabidopsis thaliana	Catalyzes the condensation of (S)-aspartate-beta-semialdehyde [(S)-ASA] and pyruvate to 4-hydroxy-tetrahydrodipicolinate (HTPA). {ECO:0000250}.
g1153	KTN80.2	Katanin p80 WD40 repeat-containing subunit B1 homolog KTN80.2	F4HTH8	Arabidopsis thaliana	May participate in a complex which severs microtubules in an ATP-dependent manner (By similarity). Microtubule severing may promote rapid reorganization of cellular microtubule arrays (By similarity). Confers precision to microtubule (MT) severing by specific targeting of KTN1 to MT cleavage sites such as crossover or branching nucleation sites (PubMed:28978669). Together with other KTN80s, regulates cell elongation by modulating MT organization (PubMed:28978669). Negative regulator of abscisic acid (ABA) responses (PubMed:21421380). May function as a substrate receptor for cullin-RING ubiquitin ligase 4 complexes (CRL4), a family of E3 ligases involved in protein degradation (PubMed:21421380). {ECO:0000255|HAMAP-Rule:MF_03022, ECO:0000269|PubMed:21421380, ECO:0000269|PubMed:28978669}.
g1157	At1g16250	F-box/kelch-repeat protein At1g16250	Q0WW40	Arabidopsis thaliana	NA
g1160	DME	Transcriptional activator DEMETER	Q8LK56	Arabidopsis thaliana	Transcriptional activator involved in gene imprinting. Catalyzes the release of 5-methylcytosine (5-meC) from DNA by a glycosylase/lyase mechanism. Allows the expression of the maternal copy of the imprinted MEA gene before fertilization, possibly by antagonizing or suppressing DNA methylation on target promoter. Probably acts by nicking the MEA promoter. Required for stable reproducible patterns of floral and vegetative development. {ECO:0000269|PubMed:12150995, ECO:0000269|PubMed:15128940, ECO:0000269|PubMed:16624880}.
g1161	DME	Transcriptional activator DEMETER	Q8LK56	Arabidopsis thaliana	Transcriptional activator involved in gene imprinting. Catalyzes the release of 5-methylcytosine (5-meC) from DNA by a glycosylase/lyase mechanism. Allows the expression of the maternal copy of the imprinted MEA gene before fertilization, possibly by antagonizing or suppressing DNA methylation on target promoter. Probably acts by nicking the MEA promoter. Required for stable reproducible patterns of floral and vegetative development. {ECO:0000269|PubMed:12150995, ECO:0000269|PubMed:15128940, ECO:0000269|PubMed:16624880}.
g1162	ROS1	DNA glycosylase/AP lyase ROS1	Q9SJQ6	Arabidopsis thaliana	Bifunctional DNA glycosylase/lyase, which excises 5-methylcytosine (5-meC) and 5-hydroxymethylcytosine (5-hmeC), leaving an apyrimidinic (AP) site that is subsequently incised by the lyase activity (PubMed:25240767). Generates 3'-phosphor-alpha,beta-unsaturated aldehyde (3'-PUA) as a primary 5-meC excision intermediate (PubMed:25228464). Prevents DNA hypermethylation, specifically in the promoter of otherwise silenced loci. May be involved in DNA repair through its nicking activity on methylated DNA. Binds with similar affinity to both methylated and non-methylated DNA. Highly distributive behavior on DNA substrates containing multiple 5-meC residues. Involved with Pol IV in the remodeling of the 5S rDNA chromatin via DNA methylation modifications during the first days of development post-germination. Participates in UV-B induced- and oxidative DNA damage repair (PubMed:24155752). {ECO:0000269|PubMed:12526807, ECO:0000269|PubMed:16624880, ECO:0000269|PubMed:18845569, ECO:0000269|PubMed:19443451, ECO:0000269|PubMed:20489198, ECO:0000269|PubMed:24155752, ECO:0000269|PubMed:25228464, ECO:0000269|PubMed:25240767}.
g1163	ROS1A	Protein ROS1A	C7IW64	Oryza sativa subsp. japonica	Bifunctional DNA glycosylase/lyase, which excises 5-methylcytosine (5-meC) and 5-hydroxymethylcytosine (5-hmeC), leaving an apyrimidinic (AP) site that is subsequently incised by the lyase activity (Probable). DNA demethylase that is indispensable in both male and female gametophyte development (PubMed:22448681). Involved in the regulation of DNA methylation in the promoters of RISBZ1/BZIP58 and DOF3/RPBF, two transcription factors that functions synergistically to positively regulate genes that are key players in the development of aleurone layers (PubMed:30275307). Active DNA demethylation carried out by ROS1A in rice endosperms may restrict the number of aleurone cell layers (PubMed:30275307). {ECO:0000269|PubMed:22448681, ECO:0000269|PubMed:30275307, ECO:0000305|PubMed:22448681}.
g1166	SPL12	Squamosa promoter-binding-like protein 12	Q5Z818	Oryza sativa subsp. japonica	Trans-acting factor that binds specifically to the consensus nucleotide sequence 5'-TNCGTACAA-3' (By similarity). May be involved in panicle development. {ECO:0000250}.
g1167	ROS1	DNA glycosylase/AP lyase ROS1	Q9SJQ6	Arabidopsis thaliana	Bifunctional DNA glycosylase/lyase, which excises 5-methylcytosine (5-meC) and 5-hydroxymethylcytosine (5-hmeC), leaving an apyrimidinic (AP) site that is subsequently incised by the lyase activity (PubMed:25240767). Generates 3'-phosphor-alpha,beta-unsaturated aldehyde (3'-PUA) as a primary 5-meC excision intermediate (PubMed:25228464). Prevents DNA hypermethylation, specifically in the promoter of otherwise silenced loci. May be involved in DNA repair through its nicking activity on methylated DNA. Binds with similar affinity to both methylated and non-methylated DNA. Highly distributive behavior on DNA substrates containing multiple 5-meC residues. Involved with Pol IV in the remodeling of the 5S rDNA chromatin via DNA methylation modifications during the first days of development post-germination. Participates in UV-B induced- and oxidative DNA damage repair (PubMed:24155752). {ECO:0000269|PubMed:12526807, ECO:0000269|PubMed:16624880, ECO:0000269|PubMed:18845569, ECO:0000269|PubMed:19443451, ECO:0000269|PubMed:20489198, ECO:0000269|PubMed:24155752, ECO:0000269|PubMed:25228464, ECO:0000269|PubMed:25240767}.
g1168	ROS1	DNA glycosylase/AP lyase ROS1	Q9SJQ6	Arabidopsis thaliana	Bifunctional DNA glycosylase/lyase, which excises 5-methylcytosine (5-meC) and 5-hydroxymethylcytosine (5-hmeC), leaving an apyrimidinic (AP) site that is subsequently incised by the lyase activity (PubMed:25240767). Generates 3'-phosphor-alpha,beta-unsaturated aldehyde (3'-PUA) as a primary 5-meC excision intermediate (PubMed:25228464). Prevents DNA hypermethylation, specifically in the promoter of otherwise silenced loci. May be involved in DNA repair through its nicking activity on methylated DNA. Binds with similar affinity to both methylated and non-methylated DNA. Highly distributive behavior on DNA substrates containing multiple 5-meC residues. Involved with Pol IV in the remodeling of the 5S rDNA chromatin via DNA methylation modifications during the first days of development post-germination. Participates in UV-B induced- and oxidative DNA damage repair (PubMed:24155752). {ECO:0000269|PubMed:12526807, ECO:0000269|PubMed:16624880, ECO:0000269|PubMed:18845569, ECO:0000269|PubMed:19443451, ECO:0000269|PubMed:20489198, ECO:0000269|PubMed:24155752, ECO:0000269|PubMed:25228464, ECO:0000269|PubMed:25240767}.
g1169	ROS1A	Protein ROS1A	C7IW64	Oryza sativa subsp. japonica	Bifunctional DNA glycosylase/lyase, which excises 5-methylcytosine (5-meC) and 5-hydroxymethylcytosine (5-hmeC), leaving an apyrimidinic (AP) site that is subsequently incised by the lyase activity (Probable). DNA demethylase that is indispensable in both male and female gametophyte development (PubMed:22448681). Involved in the regulation of DNA methylation in the promoters of RISBZ1/BZIP58 and DOF3/RPBF, two transcription factors that functions synergistically to positively regulate genes that are key players in the development of aleurone layers (PubMed:30275307). Active DNA demethylation carried out by ROS1A in rice endosperms may restrict the number of aleurone cell layers (PubMed:30275307). {ECO:0000269|PubMed:22448681, ECO:0000269|PubMed:30275307, ECO:0000305|PubMed:22448681}.
g1173	FER	Receptor-like protein kinase FERONIA	Q9SCZ4	Arabidopsis thaliana	Receptor-like protein kinase that mediates the female control of male gamete delivery during fertilization, including growth cessation of compatible pollen tubes ensuring a reproductive isolation barriers, by regulating MLO7 subcellular polarization upon pollen tube perception in the female gametophyte synergids. Required for cell elongation during vegetative growth, mostly in a brassinosteroids- (BR-) independent manner. Acts as an upstream regulator for the Rac/Rop-signaling pathway that controls ROS-mediated root hair development. Seems to regulate a cross-talk between brassinosteroids and ethylene signaling pathways during hypocotyl elongation. Negative regulator of brassinosteroid response in light-grown hypocotyls, but required for brassinosteroid response in etiolated seedlings. Mediates sensitivity to powdery mildew (e.g. Golovinomyces orontii). Positive regulator of auxin-promoted growth that represses the abscisic acid (ABA) signaling via the activation of ABI2 phosphatase. Required for RALF1-mediated extracellular alkalinization in a signaling pathway preventing cell expansion. {ECO:0000269|PubMed:17673660, ECO:0000269|PubMed:19383785, ECO:0000269|PubMed:20400488, ECO:0000269|PubMed:20876100, ECO:0000269|PubMed:21071669, ECO:0000269|PubMed:22908257, ECO:0000269|PubMed:24458638}.
g1174	PRX1	Peroxiredoxin Q, chloroplastic	Q5S1S6	Triticum aestivum	Thiol-specific peroxidase that catalyzes the reduction of hydrogen peroxide and organic hydroperoxides to water and alcohols, respectively. Plays a role in cell protection against oxidative stress by detoxifying peroxides. {ECO:0000250|UniProtKB:Q9LU86}.
g1175	B120	G-type lectin S-receptor-like serine/threonine-protein kinase B120	O81906	Arabidopsis thaliana	NA
g1178	NA	LINE-1 retrotransposable element ORF2 protein	O00370	Homo sapiens	Has reverse transcriptase activity required for target-primed reverse transcription of the LINE-1 element mRNA, a crucial step in LINE-1 retrotransposition (PubMed:38096901, PubMed:38096902, PubMed:7516468, PubMed:9140393). Selectively binds and reversely transcribes RNA with a poly(A) tail consisting of at least 20 adenosines (PubMed:38096901). Also has endonuclease activity that allows the introduction of nicks in the chromosomal target DNA (PubMed:17626046, PubMed:34554261, PubMed:38096901, PubMed:38096902, PubMed:8945517). Cleaves DNA in AT-rich regions between a 5' stretch of purines and a 3' stretch of pyrimidines, corresponding to the sites of LINE-1 integration in the genome (PubMed:8945517). Conformational properties of the target DNA sequence rather than specific nucleotides are key determinants of the ORF2p capacity for sequence-specific DNA recognition (PubMed:17626046, PubMed:34554261). Unlike related endonucleases, does not bend the DNA helix but causes compression near the cleavage site (PubMed:34554261). {ECO:0000269|PubMed:17626046, ECO:0000269|PubMed:34554261, ECO:0000269|PubMed:38096901, ECO:0000269|PubMed:38096902, ECO:0000269|PubMed:7516468, ECO:0000269|PubMed:8945517, ECO:0000269|PubMed:9140393}.
g1179	CHR28	Helicase-like transcription factor CHR28	Q94BR5	Arabidopsis thaliana	Probable helicase-like transcription factor involved in transcriptional gene silencing. Associates with SUVR2 and contributes to transcriptional gene silencing at RNA-directed DNA methylation (RdDM) target loci but also at RdDM-independent target loci. May be involved in nucleosome positioning to form ordered nucleosome arrays on chromatin (PubMed:25420628). Associates with SUVR2 and functions redundantly with FRG1. Required for the efficient methylation of a broad range of RdDM target loci (PubMed:25425661). {ECO:0000269|PubMed:25420628, ECO:0000269|PubMed:25425661}.
g1180	CSE	Caffeoylshikimate esterase	Q9C942	Arabidopsis thaliana	Esterase involved in the biosynthesis of lignin. Hydrolyzes caffeoylshikimate into caffeate and shikimate. Together with 4-coumarate--CoA ligase (4CL), acts on an alternative reaction for the formation of caffeoyl-CoA and bypasses the second reaction of shikimate O-hydroxycinnamoyltransferase (HST). Also accepts 4-coumaroylshikimate as substrate, but with lower activity. According to PubMed:20345607 and PubMed:22915575, possesses monoacylglycerol O-acyltransferase, monoacylglycerol lipase and lysophospholipase activities in vitro. With the association of ACBP2, may promote the degradation of lysophosphatidylcholine and detoxify the peroxidized membrane in response to cadmium-induced oxidative stress. However these results require additional confirmation in vivo. {ECO:0000269|PubMed:20345607, ECO:0000269|PubMed:20657176, ECO:0000269|PubMed:22915575, ECO:0000269|PubMed:23950498}.
g1181	SCPL31	Serine carboxypeptidase-like 31	O04084	Arabidopsis thaliana	Probable carboxypeptidase. {ECO:0000250}.
g1182	SCPL31	Serine carboxypeptidase-like 31	O04084	Arabidopsis thaliana	Probable carboxypeptidase. {ECO:0000250}.
