Name,OriginID,DestinationID,DestinationRank,Total_Length,Shape_Length
saint_clair - saint_clair,1,1,1,0.000000000000000,0.000000000000000
saint_clair - madison,1,17,2,4143.725136982215190,2601.619496212892955
saint_clair - alton,1,6,3,41656.986913749482483,24220.687481533852406
saint_clair - jersey,1,7,4,71967.169098737533204,48341.309844359238923
saint_clair - scott,1,16,5,174251.130201137275435,134197.973070867650677
saint_clair - morgan,1,15,6,183801.155001619074028,141718.747114007797791
saint_clair - cass,1,13,7,206676.788373156654416,155511.076934812444961
saint_clair - schuyler,1,10,8,213196.877431405620882,160643.179929059610004
saint_clair - frederick,1,2,9,213199.243215269059874,160643.967601069627563
saint_clair - fulton1,1,3,10,241460.549468128476292,172869.903588333691005
saint_clair - fulton2,1,4,11,241460.549468128476292,172869.903588333691005
saint_clair - fulton3,1,12,12,287296.616798988019582,207202.006495428853668
saint_clair - tazewell,1,5,13,330041.662410508957691,234712.854393288696883
saint_clair - peoria,1,14,14,332704.186576833715662,237341.735678314173128
saint_clair - woodford,1,11,15,354242.763822439534124,256994.393957550259074
saint_clair - marshal,1,8,16,373560.300990602001548,274738.046138435427565
saint_clair - hennepin,1,9,17,425830.790131476707757,304950.522412674035877
frederick - frederick,2,2,1,0.000000000000000,0.000000000000000
frederick - schuyler,2,10,2,2.365783863427832,2.365358424345872
frederick - cass,2,13,3,6522.454842112423648,5981.645905652682814
frederick - fulton1,2,3,4,28261.306252859449160,24136.033187235829246
frederick - fulton2,2,4,5,28261.306252859449160,24136.033187235829246
frederick - morgan,2,15,6,29398.088213649978570,26325.010992400530085
frederick - scott,2,16,7,38948.113014131769887,34242.334921500631026
frederick - fulton3,2,12,8,74097.373583718974260,65895.228408673516242
frederick - tazewell,2,5,9,116842.419195239926921,102244.346014976879815
frederick - peoria,2,14,10,119504.943361564670340,104446.317873758976930
frederick - woodford,2,11,11,141043.520607170532458,122318.685709070268786
frederick - jersey,2,7,12,141232.074116531555774,124286.877357631106861
frederick - marshal,2,8,13,160361.057775332999881,138398.022257324540988
frederick - alton,2,6,14,197492.318931410525693,137568.901552389375865
frederick - hennepin,2,9,15,212631.546916207706090,160112.838691445649602
frederick - saint_clair,2,1,16,213199.243215269088978,160643.967601069627563
frederick - madison,2,17,17,214484.693850830080919,159173.988185127032921
fulton1 - fulton1,3,3,1,0.000000000000000,0.000000000000000
fulton1 - fulton2,3,4,2,0.000000000000000,0.000000000000000
fulton1 - frederick,3,2,3,28261.306252859449160,24136.033187235829246
fulton1 - schuyler,3,10,4,28263.672036722877237,24138.379181688145763
fulton1 - cass,3,13,5,34783.761094971880084,29340.271114855633641
fulton1 - fulton3,3,12,6,45836.067330859528738,42375.175324568474025
fulton1 - morgan,3,15,7,57659.394466509431368,49489.563280180649599
fulton1 - scott,3,16,8,67209.419266991229961,56717.118555432403809
fulton1 - tazewell,3,5,9,88581.112942380481400,78429.544655757985311
fulton1 - peoria,3,14,10,91243.637108705224819,80694.296004681018530
fulton1 - woodford,3,11,11,112782.214354311072384,98979.066639776239754
fulton1 - marshal,3,8,12,132099.751522473554360,115467.672403497927007
fulton1 - jersey,3,7,13,169493.380369391001295,140942.907379064068664
fulton1 - hennepin,3,9,14,184370.240663348231465,139059.275134468392935
fulton1 - alton,3,6,15,225753.625184269971214,150965.128676184860524
fulton1 - saint_clair,3,1,16,241460.549468128534500,172869.903588333691005
fulton1 - madison,3,17,17,242746.000103689526441,171141.795604515384184
fulton2 - fulton1,4,3,1,0.000000000000000,0.000000000000000
fulton2 - fulton2,4,4,2,0.000000000000000,0.000000000000000
fulton2 - frederick,4,2,3,28261.306252859449160,24136.033187235829246
fulton2 - schuyler,4,10,4,28263.672036722877237,24138.379181688145763
fulton2 - cass,4,13,5,34783.761094971880084,29340.271114855633641
fulton2 - fulton3,4,12,6,45836.067330859528738,42375.175324568474025
fulton2 - morgan,4,15,7,57659.394466509431368,49489.563280180649599
fulton2 - scott,4,16,8,67209.419266991229961,56717.118555432403809
fulton2 - tazewell,4,5,9,88581.112942380481400,78429.544655757985311
fulton2 - peoria,4,14,10,91243.637108705224819,80694.296004681018530
fulton2 - woodford,4,11,11,112782.214354311072384,98979.066639776239754
fulton2 - marshal,4,8,12,132099.751522473554360,115467.672403497927007
fulton2 - jersey,4,7,13,169493.380369391001295,140942.907379064068664
fulton2 - hennepin,4,9,14,184370.240663348231465,139059.275134468392935
fulton2 - alton,4,6,15,225753.625184269971214,150965.128676184860524
fulton2 - saint_clair,4,1,16,241460.549468128534500,172869.903588333691005
fulton2 - madison,4,17,17,242746.000103689526441,171141.795604515384184
tazewell - tazewell,5,5,1,0.000000000000000,0.000000000000000
tazewell - peoria,5,14,2,2662.524166324739326,2629.022151870077778
tazewell - woodford,5,11,3,24201.101411930594622,22368.655579500300519
tazewell - fulton3,5,12,4,42745.045611520952662,36481.920077693372150
tazewell - marshal,5,8,5,43518.638580093072960,40106.921893874139641
tazewell - fulton1,5,3,6,88581.112942380481400,78429.544655757985311
tazewell - fulton2,5,4,7,88581.112942380481400,78429.544655757985311
tazewell - hennepin,5,9,8,95789.127720967779169,71514.802843372614007
tazewell - frederick,5,2,9,116842.419195239926921,102244.346014976879815
tazewell - schuyler,5,10,10,116844.784979103351361,102246.625099838114693
tazewell - cass,5,13,11,123364.874037352332380,107708.439770937693538
tazewell - morgan,5,15,12,146240.507408889883664,127913.816921381832799
tazewell - scott,5,16,13,155790.532209371682256,134985.270212555071339
tazewell - jersey,5,7,14,258074.493311771453591,211576.676365854800679
tazewell - alton,5,6,15,314334.738126650452614,215929.119233476201771
tazewell - saint_clair,5,1,16,330041.662410508899484,234712.854393288696883
tazewell - madison,5,17,17,331327.113046069978736,232568.267939606652362
alton - alton,6,6,1,0.000000000000000,0.000000000000000
alton - saint_clair,6,1,2,41656.986913749526138,24220.687481533852406
alton - madison,6,17,3,42942.437549310532631,23526.740318222473434
alton - jersey,6,7,4,56260.244814879057230,26594.734067708228395
alton - scott,6,16,5,158544.205917278828565,110252.698637284673168
alton - morgan,6,15,6,168094.230717760627158,117887.696695277030813
alton - cass,6,13,7,190969.864089298178442,132292.245815070986282
alton - schuyler,6,10,8,197489.953147547144908,137568.004445263853995
alton - frederick,6,2,9,197492.318931410583900,137568.901552389375865
alton - fulton1,6,3,10,225753.625184270029422,150965.128676184860524
alton - fulton2,6,4,11,225753.625184270029422,150965.128676184860524
alton - fulton3,6,12,12,271589.692515129572712,186860.983287967101205
alton - tazewell,6,5,13,314334.738126650510821,215929.119233476201771
alton - peoria,6,14,14,316997.262292975268792,218553.844937220303109
alton - woodford,6,11,15,338535.839538581087254,238291.713768147863448
alton - marshal,6,8,16,357853.376706743612885,256036.018623786920216
alton - hennepin,6,9,17,410123.865847618260887,285283.843783498974517
jersey - jersey,7,7,1,0.000000000000000,0.000000000000000
jersey - alton,7,6,2,56260.244814879028127,26594.734067708228395
jersey - saint_clair,7,1,3,71967.169098737547756,48341.309844359238923
jersey - madison,7,17,4,73252.619734298539697,48428.601995288532635
jersey - scott,7,16,5,102283.961102399756783,93553.194627097982448
jersey - morgan,7,15,6,111833.985902881555376,101723.373247317140340
jersey - cass,7,13,7,134709.619274419121211,118592.338476376389735
jersey - schuyler,7,10,8,141229.708332668116782,124285.610027045928291
jersey - frederick,7,2,9,141232.074116531555774,124286.877357631106861
jersey - fulton1,7,3,10,169493.380369391001295,140942.907379064068664
jersey - fulton2,7,4,11,169493.380369391001295,140942.907379064068664
jersey - fulton3,7,12,12,215329.447700250544585,179871.769581003929488
jersey - tazewell,7,5,13,258074.493311771482695,211576.676365854800679
jersey - peoria,7,14,14,260737.017478096240666,214163.577819823665777
jersey - woodford,7,11,15,282275.594723702059127,233847.514789568464039
jersey - marshal,7,8,16,301593.131891864584759,251434.223122583149234
jersey - hennepin,7,9,17,353863.621032739290968,278695.007954660046380
marshal - marshal,8,8,1,0.000000000000000,0.000000000000000
marshal - woodford,8,11,2,19317.537168162474700,17751.991741059009655
marshal - peoria,8,14,3,40856.114413768329541,37482.741658287726750
marshal - tazewell,8,5,4,43518.638580093072960,40106.921893874139641
marshal - hennepin,8,9,5,54118.547588177432772,34901.288772455372964
marshal - fulton3,8,12,6,86263.684191614025622,73234.698050674138358
marshal - fulton1,8,3,7,132099.751522473554360,115467.672403497927007
marshal - fulton2,8,4,8,132099.751522473554360,115467.672403497927007
marshal - frederick,8,2,9,160361.057775332999881,138398.022257324540988
marshal - schuyler,8,10,10,160363.423559196438873,138400.184915866790107
marshal - cass,8,13,11,166883.512617445434444,144148.668731378857046
marshal - morgan,8,15,12,189759.145988982985727,164602.340959122084314
marshal - scott,8,16,13,199309.170789464784320,172109.748064743616851
marshal - jersey,8,7,14,301593.131891864584759,251434.223122583149234
marshal - alton,8,6,15,357853.376706743496470,256036.018623786920216
marshal - saint_clair,8,1,16,373560.300990602059755,274738.046138435427565
marshal - madison,8,17,17,374845.751626163080800,272578.000014699471649
hennepin - hennepin,9,9,1,0.000000000000000,0.000000000000000
hennepin - marshal,9,8,2,54118.547588177432772,34901.288772455372964
hennepin - woodford,9,11,3,71588.026309037173633,50659.072666932224820
hennepin - peoria,9,14,4,93126.603554643035750,68955.441301878832746
hennepin - tazewell,9,5,5,95789.127720967764617,71514.802843372614007
hennepin - fulton3,9,12,6,138534.173332488746382,98844.536970021988964
hennepin - fulton1,9,3,7,184370.240663348260568,139059.275134468392935
hennepin - fulton2,9,4,8,184370.240663348260568,139059.275134468392935
hennepin - frederick,9,2,9,212631.546916207706090,160112.838691445649602
hennepin - schuyler,9,10,10,212633.912700071145082,160114.789814266638132
hennepin - cass,9,13,11,219154.001758320140652,166065.158185073145432
hennepin - morgan,9,15,12,242029.635129857691936,186366.764908881799784
hennepin - scott,9,16,13,251579.659930339490529,194352.798581039620331
hennepin - jersey,9,7,14,353863.621032739290968,278695.007954660046380
hennepin - alton,9,6,15,410123.865847618202679,285283.843783498974517
hennepin - saint_clair,9,1,16,425830.790131476765964,304950.522412674035877
hennepin - madison,9,17,17,427116.240767037787009,302881.821933438070118
schuyler - schuyler,10,10,1,0.000000000000000,0.000000000000000
schuyler - frederick,10,2,2,2.365783863428330,2.365358424345872
schuyler - cass,10,13,3,6520.089058248995570,5979.839590246006082
schuyler - fulton1,10,3,4,28263.672036722877237,24138.379181688145763
schuyler - fulton2,10,4,5,28263.672036722877237,24138.379181688145763
schuyler - morgan,10,15,6,29395.722429786550492,26322.960089956402953
schuyler - scott,10,16,7,38945.747230268345447,34240.401347009166784
schuyler - fulton3,10,12,8,74099.739367582398700,65897.481879690705682
schuyler - tazewell,10,5,9,116844.784979103351361,102246.625099838114693
schuyler - peoria,10,14,10,119507.309145428094780,104448.587940473327762
schuyler - woodford,10,11,11,141045.886391033971449,122320.900119908881607
schuyler - jersey,10,7,12,141229.708332668116782,124285.610027045928291
schuyler - marshal,10,8,13,160363.423559196438873,138400.184915866790107
schuyler - alton,10,6,14,197489.953147547086701,137568.004445263853995
schuyler - hennepin,10,9,15,212633.912700071145082,160114.789814266638132
schuyler - saint_clair,10,1,16,213196.877431405649986,160643.179929059610004
schuyler - madison,10,17,17,214482.328066966641927,159173.230523006815929
woodford - woodford,11,11,1,0.000000000000000,0.000000000000000
woodford - marshal,11,8,2,19317.537168162481976,17751.991741059009655
woodford - peoria,11,14,3,21538.577245605858479,19749.636606829411903
woodford - tazewell,11,5,4,24201.101411930594622,22368.655579500300519
woodford - fulton3,11,12,5,66946.147023451543646,56604.396051410549262
woodford - hennepin,11,9,6,71588.026309037188184,50659.072666932224820
woodford - fulton1,11,3,7,112782.214354311072384,98979.066639776239754
woodford - fulton2,11,4,8,112782.214354311072384,98979.066639776239754
woodford - frederick,11,2,9,141043.520607170532458,122318.685709070268786
woodford - schuyler,11,10,10,141045.886391033942346,122320.900119908881607
woodford - cass,11,13,11,147565.975449282937916,127968.621833528246498
woodford - morgan,11,15,12,170441.608820820489200,148358.663244306779234
woodford - scott,11,16,13,179991.633621302287793,155696.155275231925771
woodford - jersey,11,7,14,282275.594723702059127,233847.514789568464039
woodford - alton,11,6,15,338535.839538581029046,238291.713768147863448
woodford - saint_clair,11,1,16,354242.763822439475916,256994.393957550259074
woodford - madison,11,17,17,355528.214458000555169,254837.601245922967792
fulton3 - fulton3,12,12,1,0.000000000000000,0.000000000000000
fulton3 - tazewell,12,5,2,42745.045611520959937,36481.920077693372150
fulton3 - peoria,12,14,3,45407.569777845696080,38602.435232416319195
fulton3 - fulton1,12,3,4,45836.067330859528738,42375.175324568474025
fulton3 - fulton2,12,4,5,45836.067330859528738,42375.175324568474025
fulton3 - woodford,12,11,6,66946.147023451558198,56604.396051410549262
fulton3 - frederick,12,2,7,74097.373583718974260,65895.228408673516242
fulton3 - schuyler,12,10,8,74099.739367582398700,65897.481879690705682
fulton3 - cass,12,13,9,80619.828425831394270,71457.788365747706848
fulton3 - marshal,12,8,10,86263.684191614040174,73234.698050674138358
fulton3 - morgan,12,15,11,103495.461797368945554,91795.370241757089389
fulton3 - scott,12,16,12,113045.486597850744147,99092.223868866392877
fulton3 - hennepin,12,9,13,138534.173332488746382,98844.536970021988964
fulton3 - jersey,12,7,14,215329.447700250515481,179871.769581003929488
fulton3 - alton,12,6,15,271589.692515129572712,186860.983287967101205
fulton3 - saint_clair,12,1,16,287296.616798988019582,207202.006495428853668
fulton3 - madison,12,17,17,288582.067434549040627,205231.496694136731094
cass - cass,13,13,1,0.000000000000000,0.000000000000000
cass - schuyler,13,10,2,6520.089058248996480,5979.839590246006082
cass - frederick,13,2,3,6522.454842112424558,5981.645905652682814
cass - morgan,13,15,4,22875.633371537554922,20468.325211094273982
cass - scott,13,16,5,32425.658172019353515,28288.667511417912465
cass - fulton1,13,3,6,34783.761094971872808,29340.271114855633641
cass - fulton2,13,4,7,34783.761094971872808,29340.271114855633641
cass - fulton3,13,12,8,80619.828425831408822,71457.788365747706848
cass - tazewell,13,5,9,123364.874037352361483,107708.439770937693538
cass - peoria,13,14,10,126027.398203677104902,109942.319858921153354
cass - jersey,13,7,11,134709.619274419121211,118592.338476376389735
cass - woodford,13,11,12,147565.975449282967020,127968.621833528246498
cass - marshal,13,8,13,166883.512617445434444,144148.668731378857046
cass - alton,13,6,14,190969.864089298149338,132292.245815070986282
cass - saint_clair,13,1,15,206676.788373156683519,155511.076934812444961
cass - madison,13,17,16,207962.239008717646357,154083.766384650778491
cass - hennepin,13,9,17,219154.001758320140652,166065.158185073145432
peoria - peoria,14,14,1,0.000000000000000,0.000000000000000
peoria - tazewell,14,5,2,2662.524166324739326,2629.022151870077778
peoria - woodford,14,11,3,21538.577245605858479,19749.636606829411903
peoria - marshal,14,8,4,40856.114413768344093,37482.741658287726750
peoria - fulton3,14,12,5,45407.569777845688805,38602.435232416319195
peoria - fulton1,14,3,6,91243.637108705224819,80694.296004681018530
peoria - fulton2,14,4,7,91243.637108705224819,80694.296004681018530
peoria - hennepin,14,9,8,93126.603554643050302,68955.441301878832746
peoria - frederick,14,2,9,119504.943361564670340,104446.317873758976930
peoria - schuyler,14,10,10,119507.309145428094780,104448.587940473327762
peoria - cass,14,13,11,126027.398203677075799,109942.319858921153354
peoria - morgan,14,15,12,148903.031575214612531,130183.804406771916547
peoria - scott,14,16,13,158453.056375696411123,137298.751813487528125
peoria - jersey,14,7,14,260737.017478096182458,214163.577819823665777
peoria - alton,14,6,15,316997.262292975210585,218553.844937220303109
peoria - saint_clair,14,1,16,332704.186576833657455,237341.735678314173128
peoria - madison,14,17,17,333989.637212394736707,235196.927001232543262
morgan - morgan,15,15,1,0.000000000000000,0.000000000000000
morgan - scott,15,16,2,9550.024800481796774,8387.871165707214459
morgan - cass,15,13,3,22875.633371537554922,20468.325211094273982
morgan - schuyler,15,10,4,29395.722429786550492,26322.960089956402953
morgan - frederick,15,2,5,29398.088213649978570,26325.010992400530085
morgan - fulton1,15,3,6,57659.394466509431368,49489.563280180649599
morgan - fulton2,15,4,7,57659.394466509431368,49489.563280180649599
morgan - fulton3,15,12,8,103495.461797368960106,91795.370241757089389
morgan - jersey,15,7,9,111833.985902881555376,101723.373247317140340
morgan - tazewell,15,5,10,146240.507408889912767,127913.816921381832799
morgan - peoria,15,14,11,148903.031575214670738,130183.804406771916547
morgan - alton,15,6,12,168094.230717760568950,117887.696695277030813
morgan - woodford,15,11,13,170441.608820820518304,148358.663244306779234
morgan - saint_clair,15,1,14,183801.155001619103132,141718.747114007797791
morgan - madison,15,17,15,185086.605637180095073,140522.821586299571209
morgan - marshal,15,8,16,189759.145988982985727,164602.340959122084314
morgan - hennepin,15,9,17,242029.635129857691936,186366.764908881799784
scott - scott,16,16,1,0.000000000000000,0.000000000000000
scott - morgan,16,15,2,9550.024800481789498,8387.871165707214459
scott - cass,16,13,3,32425.658172019346239,28288.667511417912465
scott - schuyler,16,10,4,38945.747230268345447,34240.401347009166784
scott - frederick,16,2,5,38948.113014131769887,34242.334921500631026
scott - fulton1,16,3,6,67209.419266991215409,56717.118555432403809
scott - fulton2,16,4,7,67209.419266991215409,56717.118555432403809
scott - jersey,16,7,8,102283.961102399756783,93553.194627097982448
scott - fulton3,16,12,9,113045.486597850758699,99092.223868866392877
scott - tazewell,16,5,10,155790.532209371711360,134985.270212555071339
scott - peoria,16,14,11,158453.056375696440227,137298.751813487528125
scott - alton,16,6,12,158544.205917278770357,110252.698637284673168
scott - saint_clair,16,1,13,174251.130201137304539,134197.973070867650677
scott - madison,16,17,14,175536.580836698296480,133066.052297367219580
scott - woodford,16,11,15,179991.633621302316897,155696.155275231925771
scott - marshal,16,8,16,199309.170789464784320,172109.748064743616851
scott - hennepin,16,9,17,251579.659930339490529,194352.798581039620331
madison - madison,17,17,1,0.000000000000000,0.000000000000000
madison - saint_clair,17,1,2,4143.725136982215190,2601.619496212892955
madison - alton,17,6,3,42942.437549310503528,23526.740318222473434
madison - jersey,17,7,4,73252.619734298554249,48428.601995288532635
madison - scott,17,16,5,175536.580836698296480,133066.052297367219580
madison - morgan,17,15,6,185086.605637180095073,140522.821586299571209
madison - cass,17,13,7,207962.239008717675461,154083.766384650778491
madison - schuyler,17,10,8,214482.328066966641927,159173.230523006815929
madison - frederick,17,2,9,214484.693850830080919,159173.988185127032921
madison - fulton1,17,3,10,242746.000103689497337,171141.795604515384184
madison - fulton2,17,4,11,242746.000103689497337,171141.795604515384184
madison - fulton3,17,12,12,288582.067434549040627,205231.496694136731094
madison - tazewell,17,5,13,331327.113046069978736,232568.267939606652362
madison - peoria,17,14,14,333989.637212394736707,235196.927001232543262
madison - woodford,17,11,15,355528.214458000555169,254837.601245922967792
madison - marshal,17,8,16,374845.751626163022593,272578.000014699471649
madison - hennepin,17,9,17,427116.240767037728801,302881.821933438070118
