Pop_Index,month,def_mean
Pop_01,1,0
Pop_01,2,0
Pop_01,3,2.0161290322580645
Pop_01,4,11.441935483870969
Pop_01,5,16.990322580645163
Pop_01,6,35.377419354838715
Pop_01,7,44.83870967741936
Pop_01,8,49.83548387096774
Pop_01,9,30.58709677419355
Pop_01,10,21.796774193548387
Pop_01,11,4.593548387096774
Pop_01,12,0
Pop_02,1,0
Pop_02,2,0
Pop_02,3,1.9322580645161291
Pop_02,4,11.096774193548388
Pop_02,5,17.04193548387097
Pop_02,6,35.5
Pop_02,7,44.73225806451613
Pop_02,8,48.403225806451616
Pop_02,9,30.82903225806452
Pop_02,10,21.951612903225808
Pop_02,11,4.687096774193549
Pop_02,12,0
Pop_03,1,0
Pop_03,2,0
Pop_03,3,1.570967741935484
Pop_03,4,10.251612903225807
Pop_03,5,17.10645161290323
Pop_03,6,36.10645161290323
Pop_03,7,44.71290322580646
Pop_03,8,45.35483870967742
Pop_03,9,31.803225806451614
Pop_03,10,21.40967741935484
Pop_03,11,4.645161290322581
Pop_03,12,0
Pop_04,1,0
Pop_04,2,0
Pop_04,3,1.1129032258064517
Pop_04,4,10.35483870967742
Pop_04,5,17.783870967741937
Pop_04,6,36.564516129032256
Pop_04,7,45.880645161290325
Pop_04,8,44.348387096774196
Pop_04,9,30.693548387096776
Pop_04,10,20.13225806451613
Pop_04,11,5.012903225806451
Pop_04,12,0
Pop_05,1,0
Pop_05,2,0
Pop_05,3,0.635483870967742
Pop_05,4,8.03225806451613
Pop_05,5,16.983870967741936
Pop_05,6,36.24193548387097
Pop_05,7,48.66129032258065
Pop_05,8,43.76129032258065
Pop_05,9,31.56451612903226
Pop_05,10,20.061290322580646
Pop_05,11,4.574193548387097
Pop_05,12,0
Pop_06,1,0
Pop_06,2,0
Pop_06,3,0.6193548387096774
Pop_06,4,7.709677419354839
Pop_06,5,17.129032258064516
Pop_06,6,36.980645161290326
Pop_06,7,47.722580645161294
Pop_06,8,43.245161290322585
Pop_06,9,31.87741935483871
Pop_06,10,20.14193548387097
Pop_06,11,4.496774193548387
Pop_06,12,0
Pop_07,1,0
Pop_07,2,0
Pop_07,3,0.7000000000000001
Pop_07,4,7.396774193548388
Pop_07,5,17.135483870967743
Pop_07,6,37.825806451612905
Pop_07,7,45.20967741935484
Pop_07,8,41.645161290322584
Pop_07,9,32.15161290322581
Pop_07,10,20.05161290322581
Pop_07,11,4.02258064516129
Pop_07,12,0
Pop_08,1,0
Pop_08,2,0
Pop_08,3,0.6419354838709678
Pop_08,4,7.129032258064517
Pop_08,5,17.229032258064517
Pop_08,6,37.59677419354839
Pop_08,7,45.20967741935484
Pop_08,8,41.00322580645162
Pop_08,9,32.34193548387097
Pop_08,10,19.33225806451613
Pop_08,11,3.874193548387097
Pop_08,12,0
Pop_09,1,0
Pop_09,2,0
Pop_09,3,0.6419354838709678
Pop_09,4,7.129032258064517
Pop_09,5,17.229032258064517
Pop_09,6,37.59677419354839
Pop_09,7,45.20967741935484
Pop_09,8,41.00322580645162
Pop_09,9,32.34193548387097
Pop_09,10,19.33225806451613
Pop_09,11,3.874193548387097
Pop_09,12,0
Pop_10,1,0
Pop_10,2,0
Pop_10,3,0.6870967741935484
Pop_10,4,7.47741935483871
Pop_10,5,19.57741935483871
Pop_10,6,39.06774193548387
Pop_10,7,45.91612903225807
Pop_10,8,42.20967741935484
Pop_10,9,32.54838709677419
Pop_10,10,19.270967741935486
Pop_10,11,3.7967741935483876
Pop_10,12,0
Pop_11,1,0
Pop_11,2,0
Pop_11,3,0.6870967741935484
Pop_11,4,7.47741935483871
Pop_11,5,19.57741935483871
Pop_11,6,39.06774193548387
Pop_11,7,45.91612903225807
Pop_11,8,42.20967741935484
Pop_11,9,32.54838709677419
Pop_11,10,19.270967741935486
Pop_11,11,3.7967741935483876
Pop_11,12,0
Pop_12,1,0
Pop_12,2,0
Pop_12,3,0.4645161290322581
Pop_12,4,6.583870967741936
Pop_12,5,19.387096774193548
Pop_12,6,37.670967741935485
Pop_12,7,46.9741935483871
Pop_12,8,40.009677419354844
Pop_12,9,30.490322580645163
Pop_12,10,17.719354838709677
Pop_12,11,3.406451612903226
Pop_12,12,0
Pop_13,1,0
Pop_13,2,0
Pop_13,3,0.3225806451612903
Pop_13,4,6.258064516129033
Pop_13,5,19.135483870967743
Pop_13,6,36.932258064516134
Pop_13,7,49.38709677419355
Pop_13,8,42.53225806451613
Pop_13,9,29.874193548387098
Pop_13,10,18.806451612903228
Pop_13,11,3.0193548387096776
Pop_13,12,0
Pop_14,1,0
Pop_14,2,0
Pop_14,3,0.18709677419354842
Pop_14,4,5.95483870967742
Pop_14,5,19.06451612903226
Pop_14,6,36.52258064516129
Pop_14,7,49.016129032258064
Pop_14,8,41.50645161290323
Pop_14,9,29.303225806451614
Pop_14,10,18.348387096774193
Pop_14,11,2.9161290322580644
Pop_14,12,0
Pop_15,1,0
Pop_15,2,0
Pop_15,3,0.0064516129032258064
Pop_15,4,5.587096774193548
Pop_15,5,19.77741935483871
Pop_15,6,35.92580645161291
Pop_15,7,50.52258064516129
Pop_15,8,40.58709677419355
Pop_15,9,27.203225806451613
Pop_15,10,18.700000000000003
Pop_15,11,2.874193548387097
Pop_15,12,0
Pop_16,1,0
Pop_16,2,0
Pop_16,3,0
Pop_16,4,5.577419354838709
Pop_16,5,21.04193548387097
Pop_16,6,35.42580645161291
Pop_16,7,50.322580645161295
Pop_16,8,37.15806451612904
Pop_16,9,25.738709677419354
Pop_16,10,18.596774193548388
Pop_16,11,2.980645161290323
Pop_16,12,0
Pop_17,1,0
Pop_17,2,0
Pop_17,3,0
Pop_17,4,4.800000000000001
Pop_17,5,19.77741935483871
Pop_17,6,33.03225806451613
Pop_17,7,48.46451612903226
Pop_17,8,31.616129032258065
Pop_17,9,23.54193548387097
Pop_17,10,17.66774193548387
Pop_17,11,2.541935483870968
Pop_17,12,0
