#CHROM	POS	bin_Name	bin_id	ID	REF	ALT	IF_peak	QUAL	FILTER	POS_APP	REF_AF	ALT_AF	GENE	snpEFF_1	snpEFF_2	GWAS_BETA	GWAS_P	GWAS_SE	GWAS_TRAIT	LOF	FORMAT	Boltonia_001	Boltonia_002	Boltonia_004	Boltonia_005	Boltonia_006	Boltonia_007	Boltonia_008	Boltonia_009	Boltonia_012	Boltonia_013	Boltonia_014	Boltonia_015	Boltonia_016	Boltonia_017	Boltonia_019	Boltonia_020	Boltonia_021	Boltonia_022	Boltonia_023	Boltonia_024	Boltonia_025	Boltonia_026	Boltonia_027	Boltonia_028	Boltonia_029	Boltonia_030	Boltonia_031	Boltonia_032	Boltonia_033	Boltonia_034	Boltonia_035	Boltonia_036	Boltonia_037	Boltonia_038	Boltonia_039	Boltonia_040	Boltonia_042	Boltonia_043	Boltonia_044	Boltonia_045	Boltonia_046	Boltonia_047	Boltonia_048	Boltonia_050	Boltonia_051	Boltonia_052	Boltonia_053	Boltonia_054	Boltonia_055	Boltonia_056	Boltonia_057	Boltonia_058	Boltonia_059	Boltonia_060	Boltonia_061	Boltonia_062	Boltonia_063	Boltonia_064	Boltonia_065	Boltonia_066	Boltonia_067	Boltonia_070	Boltonia_071	Boltonia_072	Boltonia_073	Boltonia_074	Boltonia_075	Boltonia_076	Boltonia_077	Boltonia_078	Boltonia_079	Boltonia_080	Boltonia_081	Boltonia_083	Boltonia_084	Boltonia_085	Boltonia_086	Boltonia_087	Boltonia_088	Boltonia_089	Boltonia_090	Boltonia_091	Boltonia_092	Boltonia_093	Boltonia_094	Boltonia_095	Boltonia_096	Boltonia_097	Boltonia_098	Boltonia_099	Boltonia_100	Boltonia_101	Boltonia_102	Boltonia_103	Boltonia_105	Boltonia_106	Boltonia_107	Boltonia_108	Boltonia_109	Boltonia_110	Boltonia_111	Boltonia_112	Boltonia_113	Boltonia_114	Boltonia_115	Boltonia_116	Boltonia_117	Boltonia_118	Boltonia_119	Boltonia_120	Boltonia_121	Boltonia_123	Boltonia_124	Boltonia_125	Boltonia_126	Boltonia_127	Boltonia_128	Boltonia_129	Boltonia_130	Boltonia_131	Boltonia_132	Boltonia_133	Boltonia_134	Boltonia_135	Boltonia_136	Boltonia_137	Boltonia_138	Boltonia_139	Boltonia_140	Boltonia_141	Boltonia_142	Boltonia_143	Boltonia_144	Boltonia_145	Boltonia_146	Boltonia_147	Boltonia_148	Boltonia_149	Boltonia_150	Boltonia_151	Boltonia_152	Boltonia_153	Boltonia_154	Boltonia_155	Boltonia_157	Boltonia_158	Boltonia_159	Boltonia_160	Boltonia_161	Boltonia_162	Boltonia_163	Boltonia_164	Boltonia_165	Boltonia_167	Boltonia_168	Boltonia_169	Boltonia_170	Boltonia_171	Boltonia_172	Boltonia_173	Boltonia_174	Boltonia_175	Boltonia_176	Boltonia_177	Boltonia_178	Boltonia_179	Boltonia_180	Boltonia_181	Boltonia_182	Boltonia_183	Boltonia_184	Boltonia_185	Boltonia_186	Boltonia_187	Boltonia_188	Boltonia_189	Boltonia_190	Boltonia_191	Boltonia_192	Boltonia_193	Boltonia_194	Boltonia_195	Boltonia_196	Boltonia_197	Boltonia_198	Boltonia_200	Boltonia_201	Boltonia_202	Boltonia_203	Boltonia_204	Boltonia_205	Boltonia_207	Boltonia_208	Boltonia_209	Boltonia_210	Boltonia_211	Boltonia_212	Boltonia_213	Boltonia_214	Boltonia_215	Boltonia_217	Boltonia_218	Boltonia_219	Boltonia_220	Boltonia_221	Boltonia_222	Boltonia_224	Boltonia_225	Boltonia_226	Boltonia_227	Boltonia_228	Boltonia_229	Boltonia_230	Boltonia_231	Boltonia_232	Boltonia_233	Boltonia_234	Boltonia_235	Boltonia_236	Boltonia_237	Boltonia_238	Boltonia_239	Boltonia_240	Boltonia_241	Boltonia_242	Boltonia_243	Boltonia_244	Boltonia_245	Boltonia_246	Boltonia_247	Boltonia_248	Boltonia_249	Boltonia_250	Boltonia_251	Boltonia_253	Boltonia_254	Boltonia_255	Boltonia_256	Boltonia_257	Boltonia_258	Boltonia_259	Boltonia_260	Boltonia_261	Boltonia_262	Boltonia_263	Boltonia_264	Boltonia_265	Boltonia_267	Boltonia_268	Boltonia_269	Boltonia_270	Boltonia_271	Boltonia_272	Boltonia_273	Boltonia_274	Boltonia_275	Boltonia_276	Boltonia_277	Boltonia_278	Boltonia_279	Boltonia_280	Boltonia_281	Boltonia_282	Boltonia_283	Boltonia_284	Boltonia_285	Boltonia_286	Boltonia_287	Boltonia_288	Boltonia_289	Boltonia_290	Boltonia_291	Boltonia_292	Boltonia_293	Boltonia_294	Boltonia_295	Boltonia_296	Boltonia_298	Boltonia_299	Boltonia_301	Boltonia_302	Boltonia_303	Boltonia_304	Boltonia_305	Boltonia_306	Boltonia_307	Boltonia_308	Boltonia_309	Boltonia_310	Boltonia_311	Boltonia_312	Boltonia_313	Boltonia_315	Boltonia_316	Boltonia_317	Boltonia_318	Boltonia_320	Boltonia_321	Boltonia_322	Boltonia_323	Boltonia_324	Boltonia_325	Boltonia_326	Boltonia_327	Boltonia_329	Boltonia_330	Boltonia_331	Boltonia_332	Boltonia_334	Boltonia_335	Boltonia_336	Boltonia_337	Boltonia_338	Boltonia_339	Boltonia_341	Boltonia_342	Boltonia_343	Boltonia_344	Boltonia_345	Boltonia_349	Boltonia_350	Boltonia_351	Boltonia_352	Boltonia_353	Boltonia_354	Boltonia_355	Boltonia_356	Boltonia_358	Boltonia_359	Boltonia_360	Boltonia_361	Boltonia_362	Boltonia_363	Boltonia_364	Boltonia_365	Boltonia_366	Boltonia_367	Boltonia_368	Boltonia_370	Boltonia_371	Boltonia_372	Boltonia_373	Boltonia_374	Boltonia_375	Boltonia_376	Boltonia_377	Boltonia_378	Boltonia_379	Boltonia_380	Boltonia_381	Boltonia_382	Boltonia_383	Boltonia_384	Boltonia_385	Boltonia_386	Boltonia_387	Boltonia_388	Boltonia_389	Boltonia_390	Boltonia_392	Boltonia_393	Boltonia_394	Boltonia_395	Boltonia_396	Boltonia_397	Boltonia_398	Boltonia_399	Boltonia_400	Boltonia_401	Boltonia_402	Boltonia_403	Boltonia_404	Boltonia_405	Boltonia_408	Boltonia_409	Boltonia_411	Boltonia_412	Boltonia_413	Boltonia_415	Boltonia_417	Boltonia_418	Boltonia_420	Boltonia_421	Boltonia_422	Boltonia_423	Boltonia_424	Boltonia_425	Boltonia_426	Boltonia_427	Boltonia_428	Boltonia_429	Boltonia_430	Boltonia_431	Boltonia_432	Boltonia_433	Boltonia_434	Boltonia_435	Boltonia_436	Boltonia_437	Boltonia_438	Boltonia_441	Boltonia_442	Boltonia_443	Boltonia_444	Boltonia_445	Boltonia_446	Boltonia_448	Boltonia_449	Boltonia_452	Boltonia_453	Boltonia_454	Boltonia_455	Boltonia_456	Boltonia_457	Boltonia_458	Boltonia_459	Boltonia_460	Boltonia_461	Boltonia_462	Boltonia_463	Boltonia_465	Boltonia_466	Boltonia_467	Boltonia_468	KEEP	win_start	win_end	POS_100K
1	34940426	1	1:34000001-35000000	Chr_1_34940426	G	A	TRUE	.	.	349	0.9634433962264151	0.036556603773584904	g2618	A|missense_variant|MODERATE|g2618|g2618|transcript|g2618.t1|protein_coding|3/3|c.1349C>T|p.Ala450Val|1349/1362|1349/1362|450/453||	NA	3.00137	1.24983e-8	0.516693	Num_Stems	NA	GT	0|0	0|0	0|0	0|0	0|0	0|0	0|0	0|0	0|0	0|0	0|0	0|0	0|0	0|0	0|1	0|0	0|0	0|0	0|0	0|0	0|0	0|0	0|0	0|0	0|0	0|0	0|0	0|1	0|0	0|0	0|0	0|0	0|1	1|0	0|0	0|0	0|0	0|0	0|0	0|0	0|0	0|1	0|0	0|0	0|0	0|0	0|0	1|0	0|0	0|0	0|0	0|0	0|0	0|0	1|0	0|0	0|0	0|0	0|0	0|0	0|0	0|0	0|0	0|0	0|0	0|0	0|0	0|0	0|0	0|0	0|0	0|0	0|0	0|0	0|0	0|0	0|0	0|0	0|0	0|0	0|0	0|0	0|0	0|0	0|0	0|0	0|0	0|0	0|1	0|0	0|0	1|0	0|0	0|0	0|0	0|0	0|0	0|0	0|0	0|0	1|0	0|0	0|0	0|0	0|0	0|0	0|0	0|0	0|0	0|0	0|0	0|0	0|0	0|1	0|0	0|0	0|0	0|0	0|0	0|0	0|0	0|0	0|0	0|0	1|0	0|0	0|0	0|0	0|0	0|0	0|0	0|0	0|0	0|0	0|0	0|0	0|0	0|0	0|0	0|0	0|0	0|0	0|0	0|0	0|0	0|0	0|1	0|0	0|0	0|0	0|0	0|0	0|0	0|0	0|0	0|0	0|0	0|0	0|0	0|0	0|0	0|1	0|0	0|0	0|0	0|0	0|0	0|0	0|0	0|0	0|0	0|0	1|0	0|0	0|0	0|0	0|0	0|0	1|0	0|0	0|0	0|0	0|0	0|0	0|0	0|0	0|0	0|0	0|0	0|0	0|0	0|0	0|0	0|0	0|0	0|0	0|0	0|0	0|0	0|0	0|0	0|0	0|0	0|0	0|0	0|0	0|0	0|0	0|0	0|0	0|0	0|0	0|1	0|0	0|0	0|0	0|0	0|0	1|0	0|0	0|0	0|0	0|0	1|0	0|0	0|0	0|0	0|0	0|0	0|0	0|0	0|0	0|0	0|1	0|0	0|0	0|0	0|1	0|0	0|0	0|0	0|0	0|0	0|0	0|0	0|0	0|0	0|0	0|0	0|0	0|0	0|0	0|0	0|0	0|0	0|0	0|0	0|0	0|1	0|0	0|0	0|0	0|0	0|0	0|0	0|0	0|0	0|0	0|0	0|0	0|0	0|0	0|0	0|0	0|0	0|0	0|1	0|0	0|0	0|0	0|0	0|0	0|0	0|0	0|0	0|0	0|0	0|0	0|0	0|0	0|0	0|0	0|0	0|0	0|0	0|0	0|0	0|0	0|0	0|0	0|0	0|0	0|0	0|0	0|0	0|0	0|0	0|0	0|0	0|0	0|0	0|0	0|0	0|0	0|0	0|0	0|0	0|0	0|0	0|0	0|0	0|0	0|0	0|0	0|0	0|0	0|0	0|0	0|0	0|0	0|0	0|0	0|0	0|0	0|0	0|0	0|0	0|0	0|0	0|0	0|0	0|0	0|0	0|0	0|0	0|0	0|0	0|0	0|0	0|0	1|0	0|1	0|0	0|0	0|0	0|0	0|0	0|0	0|0	0|0	0|0	0|0	0|0	0|0	0|0	0|0	0|0	0|0	0|0	0|0	0|0	0|0	1|0	0|0	0|0	0|0	1|0	0|0	0|0	0|0	0|0	0|0	0|0	0|0	0|0	0|0	0|0	0|0	0|0	0|0	0|0	0|0	0|0	0|0	0|0	0|0	0|0	1|0	0|0	0|0	0|0	0|0	0|0	0|0	0|0	0|0	0|0	0|1	0|0	0|0	0|0	0|0	0|0	0|0	0|0	0|0	1|0	0|0	0|0	0|0	0|1	0|0	0|0	0|0	TRUE	34000001	35000000	34000.001
1	45654992	2	1:45000001-46000000	Chr_1_45654992	C	T	TRUE	.	.	456	0.9799528301886793	0.020047169811320754	g3732	T|upstream_gene_variant|MODIFIER|g3732|g3732|transcript|g3732.t1|protein_coding||c.-2C>T|||||2|	T|intergenic_region|MODIFIER|g3731-g3732|g3731-g3732|intergenic_region|g3731-g3732|||n.45654992C>T||||||	3.90909	4.78067e-9	0.653614	Num_Stems	NA	GT	0|0	0|0	0|0	0|0	0|0	0|0	0|0	0|0	0|0	0|0	0|0	0|0	0|0	0|0	0|0	0|0	0|0	0|0	0|0	1|0	0|0	0|0	0|0	0|0	0|0	0|0	0|0	0|0	0|0	0|0	0|0	0|0	0|0	0|0	0|0	0|0	0|0	0|0	0|0	0|0	0|0	0|0	0|0	0|0	0|0	0|0	0|0	0|0	0|0	0|0	0|0	0|0	0|0	0|0	0|0	0|0	0|0	0|0	0|0	0|0	0|0	0|0	0|0	0|0	0|1	0|0	1|0	0|0	0|0	0|0	0|0	0|0	0|0	0|0	0|0	0|0	0|0	0|0	0|0	0|0	0|1	0|0	0|0	0|0	0|0	0|0	0|0	0|0	0|1	0|0	0|0	0|0	0|0	0|0	0|0	0|0	0|0	0|0	0|0	0|0	0|0	0|0	0|0	0|0	0|0	0|0	0|0	0|0	0|0	0|0	0|0	0|0	1|0	0|0	0|0	0|0	0|0	0|0	0|0	0|0	0|0	0|0	0|0	0|0	0|0	0|0	0|0	0|0	0|0	0|0	0|0	0|0	0|0	0|0	0|0	0|0	0|0	0|0	0|0	0|0	0|0	0|0	0|0	0|0	0|0	0|0	0|0	0|0	0|0	0|0	0|0	0|0	0|0	0|0	0|0	0|0	0|0	0|0	0|0	0|0	0|0	0|0	0|0	0|0	0|0	0|0	0|0	0|0	0|0	0|0	0|0	0|0	0|0	0|0	0|0	0|0	0|0	0|0	0|0	0|0	0|0	0|0	0|0	0|0	0|0	0|0	0|0	0|0	0|0	0|0	0|0	1|0	0|0	0|0	0|0	0|0	0|0	0|0	0|0	0|0	0|0	0|0	0|0	0|0	0|0	0|0	0|0	0|0	0|0	0|0	0|0	0|0	1|0	1|0	0|0	0|0	0|0	0|0	0|0	0|0	1|0	0|0	0|0	0|0	0|0	0|0	0|0	0|0	0|0	0|0	0|0	0|0	0|0	0|0	0|0	0|0	0|0	0|0	0|0	0|0	0|0	0|0	0|0	0|0	0|0	0|0	0|0	0|0	0|0	0|0	0|0	0|0	0|0	0|0	0|0	0|0	0|0	0|0	0|0	0|0	0|0	0|0	0|0	0|0	0|0	0|0	0|0	0|0	0|0	0|0	0|0	1|0	0|0	0|0	0|0	0|0	0|0	0|0	0|0	0|0	0|0	0|0	0|0	0|0	0|0	0|0	0|0	0|0	0|0	0|0	0|0	0|0	0|0	0|0	0|0	0|0	0|0	0|0	0|0	0|0	0|0	0|0	0|0	0|0	0|0	0|0	0|0	0|0	0|1	0|0	0|0	0|0	0|0	0|0	0|0	0|0	0|0	0|0	0|0	0|0	0|0	0|0	0|0	0|0	0|0	0|0	0|0	0|0	0|0	0|0	0|0	0|1	0|0	0|0	0|0	0|0	0|0	0|0	0|0	0|0	0|0	1|0	0|0	0|0	1|0	0|0	0|0	0|0	0|0	0|0	0|0	0|0	0|0	0|0	0|0	0|0	0|0	0|0	0|0	0|0	0|0	0|0	0|0	0|0	0|0	0|0	0|1	0|0	0|0	0|0	0|0	0|0	0|0	0|0	0|0	0|0	0|0	0|0	0|0	0|0	0|0	0|0	0|0	0|0	0|0	0|0	0|0	0|0	0|0	0|0	0|0	0|0	0|0	0|0	0|0	0|0	0|0	0|0	0|0	0|0	0|0	0|0	0|0	0|0	0|0	0|0	0|0	0|0	0|0	0|0	0|0	0|0	0|0	0|0	0|0	0|0	0|0	0|0	0|0	0|0	1|0	0|0	0|0	0|0	TRUE	45000001	46000000	45000.001
2	37647704	3	2:37000001-38000000	Chr_2_37647704	T	A	TRUE	.	.	376	0.9764150943396226	0.02358490566037736	g7187	A|downstream_gene_variant|MODIFIER|g7187|g7187|transcript|g7187.t1|protein_coding||c.*1641T>A|||||1641|	A|downstream_gene_variant|MODIFIER|g7188|g7188|transcript|g7188.t2|protein_coding||c.*2845A>T|||||2845|,A|downstream_gene_variant|MODIFIER|g7188|g7188|transcript|g7188.t1|protein_coding||c.*2845A>T|||||2845|,A|intergenic_region|MODIFIER|g7187-g7188|g7187-g7188|intergenic_region|g7187-g7188|||n.37647704T>A||||||	2.98977	6.95911e-9	0.505538	Num_Stems	NA	GT	0|0	0|0	0|0	0|0	0|0	0|0	0|0	0|0	0|0	0|0	0|0	0|0	0|0	0|0	0|0	0|0	0|0	0|0	0|0	0|0	0|0	0|0	0|0	0|1	0|0	0|0	0|0	0|0	0|0	0|0	0|0	0|0	0|0	0|0	0|0	0|0	0|0	0|0	0|0	0|0	0|0	0|0	0|0	0|0	0|0	0|0	0|0	0|0	0|0	0|0	0|0	0|0	0|0	0|0	0|0	0|0	0|0	0|0	0|0	0|0	0|0	0|0	0|0	0|0	0|0	0|0	0|0	0|0	0|0	0|0	0|0	0|0	0|0	0|0	0|0	0|0	0|0	0|0	0|0	0|0	0|0	0|0	0|0	0|0	0|0	0|0	0|0	0|0	1|1	0|0	0|0	0|0	0|0	0|0	0|0	0|0	0|0	0|0	0|0	0|0	0|0	0|0	0|0	0|0	0|0	1|0	0|0	1|0	0|0	0|0	0|0	0|0	0|0	0|0	0|0	0|0	0|0	0|0	0|0	0|0	0|0	0|0	0|0	0|0	0|0	0|0	0|0	0|0	0|0	0|0	0|0	0|0	0|0	0|0	0|0	0|0	0|0	0|0	0|0	0|0	0|0	0|0	0|0	0|0	0|0	0|0	0|0	0|0	0|0	0|0	0|0	0|0	0|0	0|0	0|0	0|0	0|0	0|0	0|0	0|0	0|0	0|0	1|1	0|0	0|1	0|0	0|0	0|1	0|0	0|0	0|0	0|0	0|0	0|0	0|0	0|0	0|0	0|0	0|0	0|0	0|0	0|0	0|0	0|0	0|0	0|0	0|0	0|0	0|0	0|0	0|0	0|0	0|0	0|0	0|0	0|1	0|0	0|0	0|1	0|0	0|0	0|0	0|0	0|0	0|0	0|0	0|0	0|0	0|0	0|0	0|0	0|0	1|1	0|0	0|0	0|0	0|0	0|0	0|0	0|0	0|0	0|0	0|1	0|0	0|0	0|0	0|0	0|0	0|0	0|0	0|0	0|0	0|0	0|0	0|0	0|0	0|0	0|0	0|0	0|0	0|0	0|0	0|0	0|0	0|0	0|0	0|0	0|0	0|0	0|0	0|0	0|0	0|0	0|0	0|0	0|0	0|0	0|0	0|0	0|0	0|0	0|0	0|0	0|0	0|0	0|0	0|0	0|0	0|0	0|0	0|0	0|0	0|0	0|0	0|0	0|0	0|0	0|0	0|0	0|0	0|0	0|0	0|0	0|0	0|0	0|0	0|0	1|0	0|0	0|0	0|0	0|0	0|0	0|0	0|0	0|0	0|0	0|0	0|0	0|0	0|0	0|0	0|0	0|0	0|0	0|0	0|0	0|0	0|0	0|0	0|0	0|0	0|0	0|0	0|0	0|0	0|0	0|0	0|0	0|0	0|0	0|0	0|0	0|0	0|0	0|0	0|0	0|0	0|0	0|0	0|0	0|0	0|0	0|0	0|0	0|0	0|0	0|0	0|0	0|0	0|0	0|0	0|0	0|0	0|0	0|0	0|0	0|0	0|0	0|0	0|0	0|1	0|0	0|0	0|0	0|0	0|0	0|0	0|0	0|0	0|0	0|0	0|0	0|0	0|0	0|0	0|0	0|0	1|1	0|0	0|0	0|0	0|0	0|0	0|0	0|0	0|0	0|0	0|0	0|0	0|0	0|0	0|0	0|0	0|0	0|0	0|0	0|0	0|0	0|0	0|0	0|0	0|0	0|0	0|0	0|0	0|0	0|0	0|0	0|0	0|0	0|0	0|0	0|0	0|0	0|0	0|0	1|0	0|0	0|0	1|0	0|0	0|0	0|0	0|0	0|0	0|0	0|0	0|0	0|0	0|0	0|0	0|0	0|0	TRUE	37000001	38000000	37000.001
3	49455885	4	3:49000001-50000000	Chr_3_49455885	G	T	TRUE	.	.	494	0.9775943396226415	0.02240566037735849	g10845	T|upstream_gene_variant|MODIFIER|g10845|g10845|transcript|g10845.t1|protein_coding||c.-4724C>A|||||4724|	T|intron_variant|MODIFIER|g10846|g10846|transcript|g10846.t1|protein_coding|1/6|c.270+1131C>A||||||	2.97355	1.92258e-8	0.518907	Num_Stems	NA	GT	0|0	0|0	0|0	0|0	0|0	0|0	0|0	0|0	0|0	0|0	0|0	0|0	0|0	0|0	0|0	0|0	0|0	0|0	0|0	0|0	0|0	0|0	0|0	0|0	0|0	0|0	0|0	0|0	0|0	0|0	0|0	0|0	0|0	0|0	0|0	0|0	0|0	0|0	0|0	0|0	0|0	0|0	0|0	0|0	0|0	0|0	0|0	0|0	0|0	0|0	0|0	0|0	0|0	0|1	0|0	0|0	0|0	0|0	0|0	0|0	0|0	0|0	0|0	0|0	0|0	0|0	0|0	0|0	0|0	0|0	0|0	0|0	0|0	0|0	0|0	0|0	0|0	0|0	0|0	0|0	0|0	0|0	0|0	0|0	0|0	0|0	0|0	0|0	1|1	0|0	0|0	0|0	0|0	0|0	0|0	0|0	0|0	0|0	0|0	0|0	0|0	0|0	0|0	0|0	0|0	0|0	0|0	0|0	0|0	0|0	0|0	0|0	0|0	0|0	0|0	0|0	0|0	0|0	0|0	0|0	0|0	0|0	0|0	0|0	0|0	0|0	0|0	0|0	0|0	0|0	0|0	0|0	0|0	0|0	0|0	0|0	0|0	0|0	0|0	0|0	0|0	0|0	0|0	0|0	0|0	0|0	0|0	0|0	0|0	0|0	0|0	0|0	0|0	0|0	1|0	0|0	0|0	0|0	0|0	0|0	0|0	0|0	0|0	0|0	1|1	0|0	0|0	1|0	0|0	0|0	0|0	0|0	0|0	0|0	0|0	0|0	0|0	0|0	0|0	0|0	0|0	0|0	0|0	0|0	0|0	0|0	0|0	0|0	0|0	0|0	0|0	0|0	0|0	0|0	0|0	0|0	0|0	1|0	0|0	0|0	0|0	0|0	0|0	0|0	0|0	0|0	0|0	0|0	0|0	0|0	0|0	0|0	0|1	0|0	0|0	1|0	0|0	1|0	0|0	0|0	0|0	0|0	0|0	0|0	0|0	0|0	0|0	0|0	0|0	0|0	0|0	0|0	0|0	0|0	0|0	0|0	0|0	0|0	0|0	0|0	0|0	0|0	0|0	0|0	0|0	0|0	0|0	0|0	1|1	0|0	0|0	0|0	0|0	0|0	0|0	0|0	0|0	0|0	0|0	0|0	0|0	0|0	0|0	0|0	0|0	0|0	0|0	0|0	0|0	0|0	0|0	0|0	0|0	0|0	0|0	0|0	0|0	0|0	0|0	0|0	0|0	0|0	0|0	0|0	0|0	0|0	0|0	0|0	1|1	0|0	0|0	0|0	0|0	0|0	0|0	0|0	0|0	0|0	0|0	0|0	0|0	0|0	0|0	0|0	0|0	0|0	0|1	0|0	0|0	0|0	0|0	0|0	0|0	0|0	0|0	0|0	0|0	0|0	0|0	0|0	0|0	0|0	0|0	0|0	0|0	0|0	0|0	0|0	0|0	0|0	0|0	0|0	0|0	0|0	0|0	0|0	0|0	0|0	0|0	0|0	0|0	0|0	0|0	0|0	0|0	0|0	0|0	0|0	0|0	0|0	0|0	0|0	0|0	0|0	0|0	0|0	0|0	0|0	0|0	0|0	0|0	0|0	0|0	0|0	0|0	0|0	0|0	0|0	0|1	0|0	0|0	0|0	0|0	0|0	0|0	0|0	0|0	0|0	0|0	0|0	0|0	0|0	0|0	0|0	0|0	0|0	0|0	0|0	0|0	0|0	0|0	0|0	0|0	0|0	0|0	0|0	0|0	0|0	0|1	0|0	0|0	0|0	0|0	0|0	0|0	0|0	0|0	0|0	0|0	0|0	0|0	0|0	0|0	0|0	0|1	0|0	0|0	0|0	0|0	0|0	0|0	0|0	0|0	0|0	TRUE	49000001	50000000	49000.001
3	51815730	5	3:51000001-52000000	Chr_3_51815730	C	T	TRUE	.	.	518	0.9811320754716981	0.018867924528301886	g11037	T|upstream_gene_variant|MODIFIER|g11037|g11037|transcript|g11037.t1|protein_coding||c.-814G>A|||||814|	T|intergenic_region|MODIFIER|g11037-g11038|g11037-g11038|intergenic_region|g11037-g11038|||n.51815730C>T||||||	3.54802	2.92145e-8	0.627586	Num_Stems	NA	GT	0|0	0|0	0|0	0|0	0|0	0|0	0|0	0|0	0|0	0|0	0|0	0|0	0|0	0|0	0|0	0|0	0|0	0|0	0|0	0|0	0|0	0|0	0|0	0|0	0|0	0|0	0|0	0|0	0|0	0|0	0|0	0|0	0|0	0|0	0|0	0|0	0|0	0|0	0|0	0|0	0|0	0|0	0|0	0|0	0|0	1|1	0|0	0|0	0|0	0|0	0|0	0|0	0|0	0|0	0|0	0|0	0|0	0|0	0|0	0|0	0|0	0|0	0|0	0|0	0|0	0|0	0|0	0|0	0|0	0|0	0|0	0|0	0|0	0|0	0|0	0|0	0|0	0|0	0|0	0|0	0|0	0|0	0|0	0|0	0|0	0|0	0|0	0|0	1|1	0|0	0|0	0|0	0|0	0|0	0|0	0|0	0|0	0|0	0|0	0|0	0|0	0|0	0|0	0|0	0|0	0|0	0|0	0|0	0|0	0|0	0|0	0|0	0|0	0|0	0|0	0|0	0|0	0|0	0|0	0|0	0|0	0|0	0|0	0|0	0|0	0|0	0|0	0|0	0|0	0|0	0|0	0|0	0|0	0|0	0|0	0|0	0|0	0|0	0|0	0|0	0|0	0|1	0|0	0|0	0|0	0|0	0|0	0|0	0|0	0|0	0|0	0|0	0|0	0|0	0|0	0|0	0|0	0|0	0|0	0|0	0|0	0|0	0|0	0|0	0|0	0|0	0|0	0|1	0|0	0|0	0|0	0|0	0|0	0|0	0|0	0|0	0|0	0|0	0|0	0|0	0|0	0|0	0|0	0|0	0|0	0|0	0|0	0|0	0|0	0|0	0|0	0|0	0|0	0|0	0|0	0|0	0|0	1|0	0|0	0|0	0|0	0|0	0|0	0|0	0|0	0|0	0|0	0|0	0|0	0|0	0|0	0|0	0|1	0|0	0|0	0|0	0|0	0|0	0|0	0|0	0|0	0|0	0|0	0|0	0|0	0|0	0|0	0|0	0|0	1|0	0|0	0|0	0|0	0|0	0|0	0|0	0|0	0|0	0|0	0|0	0|0	0|0	0|0	0|0	0|0	0|0	0|0	0|0	0|0	0|0	0|0	0|0	0|0	0|0	0|0	0|0	0|0	0|0	0|0	0|0	0|0	0|0	0|0	0|0	0|0	0|0	0|0	0|0	0|0	0|0	0|0	0|0	0|0	0|0	0|0	0|0	0|0	0|1	0|0	0|0	0|0	0|0	0|0	0|0	0|0	0|0	0|0	0|0	0|0	0|0	0|0	0|0	0|0	0|0	0|0	0|0	0|0	0|0	0|0	0|0	0|0	0|0	0|0	1|0	0|0	0|0	0|0	0|0	0|0	0|0	0|0	0|0	0|0	0|0	0|0	0|0	0|0	0|0	0|0	0|0	0|0	0|0	0|0	0|0	0|0	0|0	0|0	0|0	0|0	0|0	0|0	0|0	0|0	0|0	0|0	0|0	0|0	0|0	0|0	0|0	0|0	0|0	0|0	0|0	0|0	0|0	0|0	0|0	0|0	0|0	0|0	0|0	0|0	0|0	0|0	0|0	0|0	0|0	0|0	0|0	0|0	0|0	0|0	0|0	0|0	0|0	0|0	0|0	0|1	0|0	0|0	0|0	0|0	0|0	0|0	0|0	0|0	0|0	0|0	0|0	0|0	0|0	0|0	1|0	0|1	0|0	0|0	0|0	0|0	0|0	0|0	0|0	0|0	0|0	0|0	0|0	0|0	0|0	0|0	0|0	0|0	0|0	0|0	0|0	0|0	0|1	0|0	0|0	0|0	0|0	0|0	0|0	0|0	0|0	1|0	0|0	0|0	0|0	0|0	0|0	0|0	0|0	0|0	0|0	TRUE	51000001	52000000	51000.001
5	17211154	6	5:17000001-18000000	Chr_5_17211154	G	A	TRUE	.	.	172	0.9893867924528302	0.01061320754716981	g17785	A|missense_variant|MODERATE|g17785|g17785|transcript|g17785.t1|protein_coding|1/1|c.613G>A|p.Gly205Arg|613/3876|613/3876|205/1291||	NA	5.26695	6.24318e-9	0.887681	Num_Stems	NA	GT	0|0	0|0	0|0	0|0	0|0	0|0	0|0	0|0	0|0	0|0	0|0	0|0	0|0	0|0	0|0	0|0	0|0	0|0	0|0	0|0	0|0	0|0	0|0	0|0	0|0	0|0	0|0	0|0	0|0	0|0	0|0	0|0	0|0	0|0	0|0	0|0	0|0	0|0	0|0	0|0	0|0	0|0	0|0	0|0	0|0	0|0	0|0	0|0	0|0	0|0	0|0	0|1	0|0	0|0	0|0	0|0	0|0	0|0	0|0	0|0	0|0	0|0	0|0	0|0	0|0	0|0	0|0	0|0	0|0	0|0	0|0	0|0	0|0	0|0	0|0	0|0	0|0	0|0	0|0	0|0	0|0	0|0	0|0	0|0	0|0	0|0	0|0	0|0	0|1	0|0	0|0	0|0	0|0	0|0	0|0	0|0	0|0	0|0	0|0	0|0	0|0	0|0	0|0	0|0	0|0	0|0	0|0	0|0	0|0	0|0	0|0	0|0	0|0	0|0	0|0	0|0	0|0	0|0	0|0	0|0	0|0	0|0	0|0	0|0	0|0	0|0	0|0	0|0	0|0	0|0	0|0	0|0	0|0	0|0	0|0	0|0	0|0	0|0	0|0	0|0	0|0	0|0	0|0	0|0	0|0	0|0	0|0	0|0	0|0	0|0	0|0	0|0	0|0	0|0	0|0	0|0	0|0	0|0	0|0	0|0	0|0	0|0	0|0	0|0	0|1	0|0	0|0	0|0	0|0	0|0	0|0	0|0	0|0	0|0	0|0	0|0	0|0	0|0	0|0	0|0	0|0	0|0	0|0	0|0	0|0	0|0	0|0	0|0	0|0	0|0	0|0	0|0	0|0	0|0	0|0	0|0	0|0	0|0	0|0	0|0	0|0	0|0	0|0	0|0	0|0	0|0	0|0	0|0	0|0	0|0	0|0	0|0	0|1	0|0	0|0	0|0	0|0	0|0	0|0	0|0	0|0	0|0	0|0	0|0	0|0	0|0	0|0	0|0	0|0	0|0	0|0	0|0	0|0	0|0	0|0	0|0	0|0	0|0	0|0	0|0	0|0	0|0	0|0	0|0	0|0	0|0	0|0	0|0	0|0	0|0	0|0	0|0	0|0	0|0	0|0	0|0	0|0	0|0	0|0	0|0	0|0	0|0	0|0	0|0	0|0	0|0	0|0	0|0	0|0	0|0	0|0	0|0	0|0	0|0	0|0	0|0	0|0	0|0	0|0	0|0	0|0	0|0	0|0	0|0	0|0	0|0	0|0	0|0	0|0	0|0	0|0	0|0	0|0	0|0	0|0	0|0	0|0	0|1	0|0	0|0	0|0	0|0	0|0	0|0	0|0	0|0	0|0	0|0	0|1	0|0	0|0	0|0	0|0	0|0	0|0	0|0	0|0	0|0	0|0	0|0	0|0	0|0	0|0	0|0	0|0	0|0	0|0	0|0	0|0	0|0	0|0	0|0	0|0	0|0	0|0	0|0	0|0	0|0	0|0	0|0	0|0	0|0	0|0	0|0	0|0	0|0	0|0	0|0	0|0	0|0	0|0	0|0	0|0	0|0	0|0	0|0	0|0	0|0	0|0	0|0	0|0	0|0	0|0	0|0	0|0	0|0	0|0	0|0	0|0	0|0	0|0	0|0	0|0	0|0	0|0	0|0	0|0	0|0	0|0	0|0	0|0	0|0	0|0	0|0	0|0	0|0	0|0	0|0	0|0	0|0	0|0	0|0	0|0	0|0	0|0	0|0	0|0	0|0	0|0	0|0	0|0	0|0	0|0	0|0	0|0	0|0	1|0	0|0	0|0	1|0	0|0	0|0	0|0	0|0	0|0	0|0	0|0	0|0	0|0	0|0	0|0	1|0	0|0	0|0	TRUE	17000001	18000000	17000.001
5	17211260	6	5:17000001-18000000	Chr_5_17211260	T	A	TRUE	.	.	172	0.9893867924528302	0.01061320754716981	g17785	A|missense_variant|MODERATE|g17785|g17785|transcript|g17785.t1|protein_coding|1/1|c.719T>A|p.Phe240Tyr|719/3876|719/3876|240/1291||	NA	5.26695	6.24318e-9	0.887681	Num_Stems	NA	GT	0|0	0|0	0|0	0|0	0|0	0|0	0|0	0|0	0|0	0|0	0|0	0|0	0|0	0|0	0|0	0|0	0|0	0|0	0|0	0|0	0|0	0|0	0|0	0|0	0|0	0|0	0|0	0|0	0|0	0|0	0|0	0|0	0|0	0|0	0|0	0|0	0|0	0|0	0|0	0|0	0|0	0|0	0|0	0|0	0|0	0|0	0|0	0|0	0|0	0|0	0|0	0|1	0|0	0|0	0|0	0|0	0|0	0|0	0|0	0|0	0|0	0|0	0|0	0|0	0|0	0|0	0|0	0|0	0|0	0|0	0|0	0|0	0|0	0|0	0|0	0|0	0|0	0|0	0|0	0|0	0|0	0|0	0|0	0|0	0|0	0|0	0|0	0|0	0|1	0|0	0|0	0|0	0|0	0|0	0|0	0|0	0|0	0|0	0|0	0|0	0|0	0|0	0|0	0|0	0|0	0|0	0|0	0|0	0|0	0|0	0|0	0|0	0|0	0|0	0|0	0|0	0|0	0|0	0|0	0|0	0|0	0|0	0|0	0|0	0|0	0|0	0|0	0|0	0|0	0|0	0|0	0|0	0|0	0|0	0|0	0|0	0|0	0|0	0|0	0|0	0|0	0|0	0|0	0|0	0|0	0|0	0|0	0|0	0|0	0|0	0|0	0|0	0|0	0|0	0|0	0|0	0|0	0|0	0|0	0|0	0|0	0|0	0|0	0|0	0|1	0|0	0|0	0|0	0|0	0|0	0|0	0|0	0|0	0|0	0|0	0|0	0|0	0|0	0|0	0|0	0|0	0|0	0|0	0|0	0|0	0|0	0|0	0|0	0|0	0|0	0|0	0|0	0|0	0|0	0|0	0|0	0|0	0|0	0|0	0|0	0|0	0|0	0|0	0|0	0|0	0|0	0|0	0|0	0|0	0|0	0|0	0|0	0|1	0|0	0|0	0|0	0|0	0|0	0|0	0|0	0|0	0|0	0|0	0|0	0|0	0|0	0|0	0|0	0|0	0|0	0|0	0|0	0|0	0|0	0|0	0|0	0|0	0|0	0|0	0|0	0|0	0|0	0|0	0|0	0|0	0|0	0|0	0|0	0|0	0|0	0|0	0|0	0|0	0|0	0|0	0|0	0|0	0|0	0|0	0|0	0|0	0|0	0|0	0|0	0|0	0|0	0|0	0|0	0|0	0|0	0|0	0|0	0|0	0|0	0|0	0|0	0|0	0|0	0|0	0|0	0|0	0|0	0|0	0|0	0|0	0|0	0|0	0|0	0|0	0|0	0|0	0|0	0|0	0|0	0|0	0|0	0|0	0|1	0|0	0|0	0|0	0|0	0|0	0|0	0|0	0|0	0|0	0|0	0|1	0|0	0|0	0|0	0|0	0|0	0|0	0|0	0|0	0|0	0|0	0|0	0|0	0|0	0|0	0|0	0|0	0|0	0|0	0|0	0|0	0|0	0|0	0|0	0|0	0|0	0|0	0|0	0|0	0|0	0|0	0|0	0|0	0|0	0|0	0|0	0|0	0|0	0|0	0|0	0|0	0|0	0|0	0|0	0|0	0|0	0|0	0|0	0|0	0|0	0|0	0|0	0|0	0|0	0|0	0|0	0|0	0|0	0|0	0|0	0|0	0|0	0|0	0|0	0|0	0|0	0|0	0|0	0|0	0|0	0|0	0|0	0|0	0|0	0|0	0|0	0|0	0|0	0|0	0|0	0|0	0|0	0|0	0|0	0|0	0|0	0|0	0|0	0|0	0|0	0|0	0|0	0|0	0|0	0|0	0|0	0|0	0|0	1|0	0|0	0|0	1|0	0|0	0|0	0|0	0|0	0|0	0|0	0|0	0|0	0|0	0|0	0|0	1|0	0|0	0|0	TRUE	17000001	18000000	17000.001
5	17211262	6	5:17000001-18000000	Chr_5_17211262	G	T	TRUE	.	.	172	0.9893867924528302	0.01061320754716981	g17785	T|missense_variant|MODERATE|g17785|g17785|transcript|g17785.t1|protein_coding|1/1|c.721G>T|p.Ala241Ser|721/3876|721/3876|241/1291||	NA	5.26695	6.24318e-9	0.887681	Num_Stems	NA	GT	0|0	0|0	0|0	0|0	0|0	0|0	0|0	0|0	0|0	0|0	0|0	0|0	0|0	0|0	0|0	0|0	0|0	0|0	0|0	0|0	0|0	0|0	0|0	0|0	0|0	0|0	0|0	0|0	0|0	0|0	0|0	0|0	0|0	0|0	0|0	0|0	0|0	0|0	0|0	0|0	0|0	0|0	0|0	0|0	0|0	0|0	0|0	0|0	0|0	0|0	0|0	0|1	0|0	0|0	0|0	0|0	0|0	0|0	0|0	0|0	0|0	0|0	0|0	0|0	0|0	0|0	0|0	0|0	0|0	0|0	0|0	0|0	0|0	0|0	0|0	0|0	0|0	0|0	0|0	0|0	0|0	0|0	0|0	0|0	0|0	0|0	0|0	0|0	0|1	0|0	0|0	0|0	0|0	0|0	0|0	0|0	0|0	0|0	0|0	0|0	0|0	0|0	0|0	0|0	0|0	0|0	0|0	0|0	0|0	0|0	0|0	0|0	0|0	0|0	0|0	0|0	0|0	0|0	0|0	0|0	0|0	0|0	0|0	0|0	0|0	0|0	0|0	0|0	0|0	0|0	0|0	0|0	0|0	0|0	0|0	0|0	0|0	0|0	0|0	0|0	0|0	0|0	0|0	0|0	0|0	0|0	0|0	0|0	0|0	0|0	0|0	0|0	0|0	0|0	0|0	0|0	0|0	0|0	0|0	0|0	0|0	0|0	0|0	0|0	0|1	0|0	0|0	0|0	0|0	0|0	0|0	0|0	0|0	0|0	0|0	0|0	0|0	0|0	0|0	0|0	0|0	0|0	0|0	0|0	0|0	0|0	0|0	0|0	0|0	0|0	0|0	0|0	0|0	0|0	0|0	0|0	0|0	0|0	0|0	0|0	0|0	0|0	0|0	0|0	0|0	0|0	0|0	0|0	0|0	0|0	0|0	0|0	0|1	0|0	0|0	0|0	0|0	0|0	0|0	0|0	0|0	0|0	0|0	0|0	0|0	0|0	0|0	0|0	0|0	0|0	0|0	0|0	0|0	0|0	0|0	0|0	0|0	0|0	0|0	0|0	0|0	0|0	0|0	0|0	0|0	0|0	0|0	0|0	0|0	0|0	0|0	0|0	0|0	0|0	0|0	0|0	0|0	0|0	0|0	0|0	0|0	0|0	0|0	0|0	0|0	0|0	0|0	0|0	0|0	0|0	0|0	0|0	0|0	0|0	0|0	0|0	0|0	0|0	0|0	0|0	0|0	0|0	0|0	0|0	0|0	0|0	0|0	0|0	0|0	0|0	0|0	0|0	0|0	0|0	0|0	0|0	0|0	0|1	0|0	0|0	0|0	0|0	0|0	0|0	0|0	0|0	0|0	0|0	0|1	0|0	0|0	0|0	0|0	0|0	0|0	0|0	0|0	0|0	0|0	0|0	0|0	0|0	0|0	0|0	0|0	0|0	0|0	0|0	0|0	0|0	0|0	0|0	0|0	0|0	0|0	0|0	0|0	0|0	0|0	0|0	0|0	0|0	0|0	0|0	0|0	0|0	0|0	0|0	0|0	0|0	0|0	0|0	0|0	0|0	0|0	0|0	0|0	0|0	0|0	0|0	0|0	0|0	0|0	0|0	0|0	0|0	0|0	0|0	0|0	0|0	0|0	0|0	0|0	0|0	0|0	0|0	0|0	0|0	0|0	0|0	0|0	0|0	0|0	0|0	0|0	0|0	0|0	0|0	0|0	0|0	0|0	0|0	0|0	0|0	0|0	0|0	0|0	0|0	0|0	0|0	0|0	0|0	0|0	0|0	0|0	0|0	1|0	0|0	0|0	1|0	0|0	0|0	0|0	0|0	0|0	0|0	0|0	0|0	0|0	0|0	0|0	1|0	0|0	0|0	TRUE	17000001	18000000	17000.001
5	17211300	6	5:17000001-18000000	Chr_5_17211300	A	C	TRUE	.	.	172	0.9893867924528302	0.01061320754716981	g17785	C|missense_variant|MODERATE|g17785|g17785|transcript|g17785.t1|protein_coding|1/1|c.759A>C|p.Glu253Asp|759/3876|759/3876|253/1291||	NA	5.26695	6.24318e-9	0.887681	Num_Stems	NA	GT	0|0	0|0	0|0	0|0	0|0	0|0	0|0	0|0	0|0	0|0	0|0	0|0	0|0	0|0	0|0	0|0	0|0	0|0	0|0	0|0	0|0	0|0	0|0	0|0	0|0	0|0	0|0	0|0	0|0	0|0	0|0	0|0	0|0	0|0	0|0	0|0	0|0	0|0	0|0	0|0	0|0	0|0	0|0	0|0	0|0	0|0	0|0	0|0	0|0	0|0	0|0	0|1	0|0	0|0	0|0	0|0	0|0	0|0	0|0	0|0	0|0	0|0	0|0	0|0	0|0	0|0	0|0	0|0	0|0	0|0	0|0	0|0	0|0	0|0	0|0	0|0	0|0	0|0	0|0	0|0	0|0	0|0	0|0	0|0	0|0	0|0	0|0	0|0	0|1	0|0	0|0	0|0	0|0	0|0	0|0	0|0	0|0	0|0	0|0	0|0	0|0	0|0	0|0	0|0	0|0	0|0	0|0	0|0	0|0	0|0	0|0	0|0	0|0	0|0	0|0	0|0	0|0	0|0	0|0	0|0	0|0	0|0	0|0	0|0	0|0	0|0	0|0	0|0	0|0	0|0	0|0	0|0	0|0	0|0	0|0	0|0	0|0	0|0	0|0	0|0	0|0	0|0	0|0	0|0	0|0	0|0	0|0	0|0	0|0	0|0	0|0	0|0	0|0	0|0	0|0	0|0	0|0	0|0	0|0	0|0	0|0	0|0	0|0	0|0	0|1	0|0	0|0	0|0	0|0	0|0	0|0	0|0	0|0	0|0	0|0	0|0	0|0	0|0	0|0	0|0	0|0	0|0	0|0	0|0	0|0	0|0	0|0	0|0	0|0	0|0	0|0	0|0	0|0	0|0	0|0	0|0	0|0	0|0	0|0	0|0	0|0	0|0	0|0	0|0	0|0	0|0	0|0	0|0	0|0	0|0	0|0	0|0	0|1	0|0	0|0	0|0	0|0	0|0	0|0	0|0	0|0	0|0	0|0	0|0	0|0	0|0	0|0	0|0	0|0	0|0	0|0	0|0	0|0	0|0	0|0	0|0	0|0	0|0	0|0	0|0	0|0	0|0	0|0	0|0	0|0	0|0	0|0	0|0	0|0	0|0	0|0	0|0	0|0	0|0	0|0	0|0	0|0	0|0	0|0	0|0	0|0	0|0	0|0	0|0	0|0	0|0	0|0	0|0	0|0	0|0	0|0	0|0	0|0	0|0	0|0	0|0	0|0	0|0	0|0	0|0	0|0	0|0	0|0	0|0	0|0	0|0	0|0	0|0	0|0	0|0	0|0	0|0	0|0	0|0	0|0	0|0	0|0	0|1	0|0	0|0	0|0	0|0	0|0	0|0	0|0	0|0	0|0	0|0	0|1	0|0	0|0	0|0	0|0	0|0	0|0	0|0	0|0	0|0	0|0	0|0	0|0	0|0	0|0	0|0	0|0	0|0	0|0	0|0	0|0	0|0	0|0	0|0	0|0	0|0	0|0	0|0	0|0	0|0	0|0	0|0	0|0	0|0	0|0	0|0	0|0	0|0	0|0	0|0	0|0	0|0	0|0	0|0	0|0	0|0	0|0	0|0	0|0	0|0	0|0	0|0	0|0	0|0	0|0	0|0	0|0	0|0	0|0	0|0	0|0	0|0	0|0	0|0	0|0	0|0	0|0	0|0	0|0	0|0	0|0	0|0	0|0	0|0	0|0	0|0	0|0	0|0	0|0	0|0	0|0	0|0	0|0	0|0	0|0	0|0	0|0	0|0	0|0	0|0	0|0	0|0	0|0	0|0	0|0	0|0	0|0	0|0	1|0	0|0	0|0	1|0	0|0	0|0	0|0	0|0	0|0	0|0	0|0	0|0	0|0	0|0	0|0	1|0	0|0	0|0	TRUE	17000001	18000000	17000.001
5	17211476	6	5:17000001-18000000	Chr_5_17211476	GA	G	TRUE	.	.	172	0.9893867924528302	0.01061320754716981	g17785	G|frameshift_variant|HIGH|g17785|g17785|transcript|g17785.t1|protein_coding|1/1|c.938delA|p.Lys313fs|938/3876|938/3876|313/1291||INFO_REALIGN_3_PRIME	NA	5.26695	6.24318e-9	0.887681	Num_Stems	(g17785|g17785|1|1.00)	GT	0|0	0|0	0|0	0|0	0|0	0|0	0|0	0|0	0|0	0|0	0|0	0|0	0|0	0|0	0|0	0|0	0|0	0|0	0|0	0|0	0|0	0|0	0|0	0|0	0|0	0|0	0|0	0|0	0|0	0|0	0|0	0|0	0|0	0|0	0|0	0|0	0|0	0|0	0|0	0|0	0|0	0|0	0|0	0|0	0|0	0|0	0|0	0|0	0|0	0|0	0|0	0|1	0|0	0|0	0|0	0|0	0|0	0|0	0|0	0|0	0|0	0|0	0|0	0|0	0|0	0|0	0|0	0|0	0|0	0|0	0|0	0|0	0|0	0|0	0|0	0|0	0|0	0|0	0|0	0|0	0|0	0|0	0|0	0|0	0|0	0|0	0|0	0|0	0|1	0|0	0|0	0|0	0|0	0|0	0|0	0|0	0|0	0|0	0|0	0|0	0|0	0|0	0|0	0|0	0|0	0|0	0|0	0|0	0|0	0|0	0|0	0|0	0|0	0|0	0|0	0|0	0|0	0|0	0|0	0|0	0|0	0|0	0|0	0|0	0|0	0|0	0|0	0|0	0|0	0|0	0|0	0|0	0|0	0|0	0|0	0|0	0|0	0|0	0|0	0|0	0|0	0|0	0|0	0|0	0|0	0|0	0|0	0|0	0|0	0|0	0|0	0|0	0|0	0|0	0|0	0|0	0|0	0|0	0|0	0|0	0|0	0|0	0|0	0|0	0|1	0|0	0|0	0|0	0|0	0|0	0|0	0|0	0|0	0|0	0|0	0|0	0|0	0|0	0|0	0|0	0|0	0|0	0|0	0|0	0|0	0|0	0|0	0|0	0|0	0|0	0|0	0|0	0|0	0|0	0|0	0|0	0|0	0|0	0|0	0|0	0|0	0|0	0|0	0|0	0|0	0|0	0|0	0|0	0|0	0|0	0|0	0|0	0|1	0|0	0|0	0|0	0|0	0|0	0|0	0|0	0|0	0|0	0|0	0|0	0|0	0|0	0|0	0|0	0|0	0|0	0|0	0|0	0|0	0|0	0|0	0|0	0|0	0|0	0|0	0|0	0|0	0|0	0|0	0|0	0|0	0|0	0|0	0|0	0|0	0|0	0|0	0|0	0|0	0|0	0|0	0|0	0|0	0|0	0|0	0|0	0|0	0|0	0|0	0|0	0|0	0|0	0|0	0|0	0|0	0|0	0|0	0|0	0|0	0|0	0|0	0|0	0|0	0|0	0|0	0|0	0|0	0|0	0|0	0|0	0|0	0|0	0|0	0|0	0|0	0|0	0|0	0|0	0|0	0|0	0|0	0|0	0|0	0|1	0|0	0|0	0|0	0|0	0|0	0|0	0|0	0|0	0|0	0|0	0|1	0|0	0|0	0|0	0|0	0|0	0|0	0|0	0|0	0|0	0|0	0|0	0|0	0|0	0|0	0|0	0|0	0|0	0|0	0|0	0|0	0|0	0|0	0|0	0|0	0|0	0|0	0|0	0|0	0|0	0|0	0|0	0|0	0|0	0|0	0|0	0|0	0|0	0|0	0|0	0|0	0|0	0|0	0|0	0|0	0|0	0|0	0|0	0|0	0|0	0|0	0|0	0|0	0|0	0|0	0|0	0|0	0|0	0|0	0|0	0|0	0|0	0|0	0|0	0|0	0|0	0|0	0|0	0|0	0|0	0|0	0|0	0|0	0|0	0|0	0|0	0|0	0|0	0|0	0|0	0|0	0|0	0|0	0|0	0|0	0|0	0|0	0|0	0|0	0|0	0|0	0|0	0|0	0|0	0|0	0|0	0|0	0|0	1|0	0|0	0|0	1|0	0|0	0|0	0|0	0|0	0|0	0|0	0|0	0|0	0|0	0|0	0|0	1|0	0|0	0|0	TRUE	17000001	18000000	17000.001
5	17211649	6	5:17000001-18000000	Chr_5_17211649	T	C	TRUE	.	.	172	0.9893867924528302	0.01061320754716981	g17785	C|synonymous_variant|LOW|g17785|g17785|transcript|g17785.t1|protein_coding|1/1|c.1108T>C|p.Leu370Leu|1108/3876|1108/3876|370/1291||	NA	5.26695	6.24318e-9	0.887681	Num_Stems	NA	GT	0|0	0|0	0|0	0|0	0|0	0|0	0|0	0|0	0|0	0|0	0|0	0|0	0|0	0|0	0|0	0|0	0|0	0|0	0|0	0|0	0|0	0|0	0|0	0|0	0|0	0|0	0|0	0|0	0|0	0|0	0|0	0|0	0|0	0|0	0|0	0|0	0|0	0|0	0|0	0|0	0|0	0|0	0|0	0|0	0|0	0|0	0|0	0|0	0|0	0|0	0|0	0|1	0|0	0|0	0|0	0|0	0|0	0|0	0|0	0|0	0|0	0|0	0|0	0|0	0|0	0|0	0|0	0|0	0|0	0|0	0|0	0|0	0|0	0|0	0|0	0|0	0|0	0|0	0|0	0|0	0|0	0|0	0|0	0|0	0|0	0|0	0|0	0|0	0|1	0|0	0|0	0|0	0|0	0|0	0|0	0|0	0|0	0|0	0|0	0|0	0|0	0|0	0|0	0|0	0|0	0|0	0|0	0|0	0|0	0|0	0|0	0|0	0|0	0|0	0|0	0|0	0|0	0|0	0|0	0|0	0|0	0|0	0|0	0|0	0|0	0|0	0|0	0|0	0|0	0|0	0|0	0|0	0|0	0|0	0|0	0|0	0|0	0|0	0|0	0|0	0|0	0|0	0|0	0|0	0|0	0|0	0|0	0|0	0|0	0|0	0|0	0|0	0|0	0|0	0|0	0|0	0|0	0|0	0|0	0|0	0|0	0|0	0|0	0|0	0|1	0|0	0|0	0|0	0|0	0|0	0|0	0|0	0|0	0|0	0|0	0|0	0|0	0|0	0|0	0|0	0|0	0|0	0|0	0|0	0|0	0|0	0|0	0|0	0|0	0|0	0|0	0|0	0|0	0|0	0|0	0|0	0|0	0|0	0|0	0|0	0|0	0|0	0|0	0|0	0|0	0|0	0|0	0|0	0|0	0|0	0|0	0|0	0|1	0|0	0|0	0|0	0|0	0|0	0|0	0|0	0|0	0|0	0|0	0|0	0|0	0|0	0|0	0|0	0|0	0|0	0|0	0|0	0|0	0|0	0|0	0|0	0|0	0|0	0|0	0|0	0|0	0|0	0|0	0|0	0|0	0|0	0|0	0|0	0|0	0|0	0|0	0|0	0|0	0|0	0|0	0|0	0|0	0|0	0|0	0|0	0|0	0|0	0|0	0|0	0|0	0|0	0|0	0|0	0|0	0|0	0|0	0|0	0|0	0|0	0|0	0|0	0|0	0|0	0|0	0|0	0|0	0|0	0|0	0|0	0|0	0|0	0|0	0|0	0|0	0|0	0|0	0|0	0|0	0|0	0|0	0|0	0|0	0|1	0|0	0|0	0|0	0|0	0|0	0|0	0|0	0|0	0|0	0|0	0|1	0|0	0|0	0|0	0|0	0|0	0|0	0|0	0|0	0|0	0|0	0|0	0|0	0|0	0|0	0|0	0|0	0|0	0|0	0|0	0|0	0|0	0|0	0|0	0|0	0|0	0|0	0|0	0|0	0|0	0|0	0|0	0|0	0|0	0|0	0|0	0|0	0|0	0|0	0|0	0|0	0|0	0|0	0|0	0|0	0|0	0|0	0|0	0|0	0|0	0|0	0|0	0|0	0|0	0|0	0|0	0|0	0|0	0|0	0|0	0|0	0|0	0|0	0|0	0|0	0|0	0|0	0|0	0|0	0|0	0|0	0|0	0|0	0|0	0|0	0|0	0|0	0|0	0|0	0|0	0|0	0|0	0|0	0|0	0|0	0|0	0|0	0|0	0|0	0|0	0|0	0|0	0|0	0|0	0|0	0|0	0|0	0|0	1|0	0|0	0|0	1|0	0|0	0|0	0|0	0|0	0|0	0|0	0|0	0|0	0|0	0|0	0|0	1|0	0|0	0|0	TRUE	17000001	18000000	17000.001
5	17211719	6	5:17000001-18000000	Chr_5_17211719	AG	A	TRUE	.	.	172	0.9893867924528302	0.01061320754716981	g17785	A|frameshift_variant|HIGH|g17785|g17785|transcript|g17785.t1|protein_coding|1/1|c.1180delG|p.Val394fs|1180/3876|1180/3876|394/1291||INFO_REALIGN_3_PRIME	NA	5.26695	6.24318e-9	0.887681	Num_Stems	(g17785|g17785|1|1.00)	GT	0|0	0|0	0|0	0|0	0|0	0|0	0|0	0|0	0|0	0|0	0|0	0|0	0|0	0|0	0|0	0|0	0|0	0|0	0|0	0|0	0|0	0|0	0|0	0|0	0|0	0|0	0|0	0|0	0|0	0|0	0|0	0|0	0|0	0|0	0|0	0|0	0|0	0|0	0|0	0|0	0|0	0|0	0|0	0|0	0|0	0|0	0|0	0|0	0|0	0|0	0|0	0|1	0|0	0|0	0|0	0|0	0|0	0|0	0|0	0|0	0|0	0|0	0|0	0|0	0|0	0|0	0|0	0|0	0|0	0|0	0|0	0|0	0|0	0|0	0|0	0|0	0|0	0|0	0|0	0|0	0|0	0|0	0|0	0|0	0|0	0|0	0|0	0|0	0|1	0|0	0|0	0|0	0|0	0|0	0|0	0|0	0|0	0|0	0|0	0|0	0|0	0|0	0|0	0|0	0|0	0|0	0|0	0|0	0|0	0|0	0|0	0|0	0|0	0|0	0|0	0|0	0|0	0|0	0|0	0|0	0|0	0|0	0|0	0|0	0|0	0|0	0|0	0|0	0|0	0|0	0|0	0|0	0|0	0|0	0|0	0|0	0|0	0|0	0|0	0|0	0|0	0|0	0|0	0|0	0|0	0|0	0|0	0|0	0|0	0|0	0|0	0|0	0|0	0|0	0|0	0|0	0|0	0|0	0|0	0|0	0|0	0|0	0|0	0|0	0|1	0|0	0|0	0|0	0|0	0|0	0|0	0|0	0|0	0|0	0|0	0|0	0|0	0|0	0|0	0|0	0|0	0|0	0|0	0|0	0|0	0|0	0|0	0|0	0|0	0|0	0|0	0|0	0|0	0|0	0|0	0|0	0|0	0|0	0|0	0|0	0|0	0|0	0|0	0|0	0|0	0|0	0|0	0|0	0|0	0|0	0|0	0|0	0|1	0|0	0|0	0|0	0|0	0|0	0|0	0|0	0|0	0|0	0|0	0|0	0|0	0|0	0|0	0|0	0|0	0|0	0|0	0|0	0|0	0|0	0|0	0|0	0|0	0|0	0|0	0|0	0|0	0|0	0|0	0|0	0|0	0|0	0|0	0|0	0|0	0|0	0|0	0|0	0|0	0|0	0|0	0|0	0|0	0|0	0|0	0|0	0|0	0|0	0|0	0|0	0|0	0|0	0|0	0|0	0|0	0|0	0|0	0|0	0|0	0|0	0|0	0|0	0|0	0|0	0|0	0|0	0|0	0|0	0|0	0|0	0|0	0|0	0|0	0|0	0|0	0|0	0|0	0|0	0|0	0|0	0|0	0|0	0|0	0|1	0|0	0|0	0|0	0|0	0|0	0|0	0|0	0|0	0|0	0|0	0|1	0|0	0|0	0|0	0|0	0|0	0|0	0|0	0|0	0|0	0|0	0|0	0|0	0|0	0|0	0|0	0|0	0|0	0|0	0|0	0|0	0|0	0|0	0|0	0|0	0|0	0|0	0|0	0|0	0|0	0|0	0|0	0|0	0|0	0|0	0|0	0|0	0|0	0|0	0|0	0|0	0|0	0|0	0|0	0|0	0|0	0|0	0|0	0|0	0|0	0|0	0|0	0|0	0|0	0|0	0|0	0|0	0|0	0|0	0|0	0|0	0|0	0|0	0|0	0|0	0|0	0|0	0|0	0|0	0|0	0|0	0|0	0|0	0|0	0|0	0|0	0|0	0|0	0|0	0|0	0|0	0|0	0|0	0|0	0|0	0|0	0|0	0|0	0|0	0|0	0|0	0|0	0|0	0|0	0|0	0|0	0|0	0|0	1|0	0|0	0|0	1|0	0|0	0|0	0|0	0|0	0|0	0|0	0|0	0|0	0|0	0|0	0|0	1|0	0|0	0|0	TRUE	17000001	18000000	17000.001
5	17211800	6	5:17000001-18000000	Chr_5_17211800	C	T	TRUE	.	.	172	0.9893867924528302	0.01061320754716981	g17785	T|missense_variant|MODERATE|g17785|g17785|transcript|g17785.t1|protein_coding|1/1|c.1259C>T|p.Ser420Phe|1259/3876|1259/3876|420/1291||	NA	5.26695	6.24318e-9	0.887681	Num_Stems	NA	GT	0|0	0|0	0|0	0|0	0|0	0|0	0|0	0|0	0|0	0|0	0|0	0|0	0|0	0|0	0|0	0|0	0|0	0|0	0|0	0|0	0|0	0|0	0|0	0|0	0|0	0|0	0|0	0|0	0|0	0|0	0|0	0|0	0|0	0|0	0|0	0|0	0|0	0|0	0|0	0|0	0|0	0|0	0|0	0|0	0|0	0|0	0|0	0|0	0|0	0|0	0|0	0|1	0|0	0|0	0|0	0|0	0|0	0|0	0|0	0|0	0|0	0|0	0|0	0|0	0|0	0|0	0|0	0|0	0|0	0|0	0|0	0|0	0|0	0|0	0|0	0|0	0|0	0|0	0|0	0|0	0|0	0|0	0|0	0|0	0|0	0|0	0|0	0|0	0|1	0|0	0|0	0|0	0|0	0|0	0|0	0|0	0|0	0|0	0|0	0|0	0|0	0|0	0|0	0|0	0|0	0|0	0|0	0|0	0|0	0|0	0|0	0|0	0|0	0|0	0|0	0|0	0|0	0|0	0|0	0|0	0|0	0|0	0|0	0|0	0|0	0|0	0|0	0|0	0|0	0|0	0|0	0|0	0|0	0|0	0|0	0|0	0|0	0|0	0|0	0|0	0|0	0|0	0|0	0|0	0|0	0|0	0|0	0|0	0|0	0|0	0|0	0|0	0|0	0|0	0|0	0|0	0|0	0|0	0|0	0|0	0|0	0|0	0|0	0|0	0|1	0|0	0|0	0|0	0|0	0|0	0|0	0|0	0|0	0|0	0|0	0|0	0|0	0|0	0|0	0|0	0|0	0|0	0|0	0|0	0|0	0|0	0|0	0|0	0|0	0|0	0|0	0|0	0|0	0|0	0|0	0|0	0|0	0|0	0|0	0|0	0|0	0|0	0|0	0|0	0|0	0|0	0|0	0|0	0|0	0|0	0|0	0|0	0|1	0|0	0|0	0|0	0|0	0|0	0|0	0|0	0|0	0|0	0|0	0|0	0|0	0|0	0|0	0|0	0|0	0|0	0|0	0|0	0|0	0|0	0|0	0|0	0|0	0|0	0|0	0|0	0|0	0|0	0|0	0|0	0|0	0|0	0|0	0|0	0|0	0|0	0|0	0|0	0|0	0|0	0|0	0|0	0|0	0|0	0|0	0|0	0|0	0|0	0|0	0|0	0|0	0|0	0|0	0|0	0|0	0|0	0|0	0|0	0|0	0|0	0|0	0|0	0|0	0|0	0|0	0|0	0|0	0|0	0|0	0|0	0|0	0|0	0|0	0|0	0|0	0|0	0|0	0|0	0|0	0|0	0|0	0|0	0|0	0|1	0|0	0|0	0|0	0|0	0|0	0|0	0|0	0|0	0|0	0|0	0|1	0|0	0|0	0|0	0|0	0|0	0|0	0|0	0|0	0|0	0|0	0|0	0|0	0|0	0|0	0|0	0|0	0|0	0|0	0|0	0|0	0|0	0|0	0|0	0|0	0|0	0|0	0|0	0|0	0|0	0|0	0|0	0|0	0|0	0|0	0|0	0|0	0|0	0|0	0|0	0|0	0|0	0|0	0|0	0|0	0|0	0|0	0|0	0|0	0|0	0|0	0|0	0|0	0|0	0|0	0|0	0|0	0|0	0|0	0|0	0|0	0|0	0|0	0|0	0|0	0|0	0|0	0|0	0|0	0|0	0|0	0|0	0|0	0|0	0|0	0|0	0|0	0|0	0|0	0|0	0|0	0|0	0|0	0|0	0|0	0|0	0|0	0|0	0|0	0|0	0|0	0|0	0|0	0|0	0|0	0|0	0|0	0|0	1|0	0|0	0|0	1|0	0|0	0|0	0|0	0|0	0|0	0|0	0|0	0|0	0|0	0|0	0|0	1|0	0|0	0|0	TRUE	17000001	18000000	17000.001
5	17211803	6	5:17000001-18000000	Chr_5_17211803	C	A	TRUE	.	.	172	0.9893867924528302	0.01061320754716981	g17785	A|missense_variant|MODERATE|g17785|g17785|transcript|g17785.t1|protein_coding|1/1|c.1262C>A|p.Ala421Glu|1262/3876|1262/3876|421/1291||	NA	5.26695	6.24318e-9	0.887681	Num_Stems	NA	GT	0|0	0|0	0|0	0|0	0|0	0|0	0|0	0|0	0|0	0|0	0|0	0|0	0|0	0|0	0|0	0|0	0|0	0|0	0|0	0|0	0|0	0|0	0|0	0|0	0|0	0|0	0|0	0|0	0|0	0|0	0|0	0|0	0|0	0|0	0|0	0|0	0|0	0|0	0|0	0|0	0|0	0|0	0|0	0|0	0|0	0|0	0|0	0|0	0|0	0|0	0|0	0|1	0|0	0|0	0|0	0|0	0|0	0|0	0|0	0|0	0|0	0|0	0|0	0|0	0|0	0|0	0|0	0|0	0|0	0|0	0|0	0|0	0|0	0|0	0|0	0|0	0|0	0|0	0|0	0|0	0|0	0|0	0|0	0|0	0|0	0|0	0|0	0|0	0|1	0|0	0|0	0|0	0|0	0|0	0|0	0|0	0|0	0|0	0|0	0|0	0|0	0|0	0|0	0|0	0|0	0|0	0|0	0|0	0|0	0|0	0|0	0|0	0|0	0|0	0|0	0|0	0|0	0|0	0|0	0|0	0|0	0|0	0|0	0|0	0|0	0|0	0|0	0|0	0|0	0|0	0|0	0|0	0|0	0|0	0|0	0|0	0|0	0|0	0|0	0|0	0|0	0|0	0|0	0|0	0|0	0|0	0|0	0|0	0|0	0|0	0|0	0|0	0|0	0|0	0|0	0|0	0|0	0|0	0|0	0|0	0|0	0|0	0|0	0|0	0|1	0|0	0|0	0|0	0|0	0|0	0|0	0|0	0|0	0|0	0|0	0|0	0|0	0|0	0|0	0|0	0|0	0|0	0|0	0|0	0|0	0|0	0|0	0|0	0|0	0|0	0|0	0|0	0|0	0|0	0|0	0|0	0|0	0|0	0|0	0|0	0|0	0|0	0|0	0|0	0|0	0|0	0|0	0|0	0|0	0|0	0|0	0|0	0|1	0|0	0|0	0|0	0|0	0|0	0|0	0|0	0|0	0|0	0|0	0|0	0|0	0|0	0|0	0|0	0|0	0|0	0|0	0|0	0|0	0|0	0|0	0|0	0|0	0|0	0|0	0|0	0|0	0|0	0|0	0|0	0|0	0|0	0|0	0|0	0|0	0|0	0|0	0|0	0|0	0|0	0|0	0|0	0|0	0|0	0|0	0|0	0|0	0|0	0|0	0|0	0|0	0|0	0|0	0|0	0|0	0|0	0|0	0|0	0|0	0|0	0|0	0|0	0|0	0|0	0|0	0|0	0|0	0|0	0|0	0|0	0|0	0|0	0|0	0|0	0|0	0|0	0|0	0|0	0|0	0|0	0|0	0|0	0|0	0|1	0|0	0|0	0|0	0|0	0|0	0|0	0|0	0|0	0|0	0|0	0|1	0|0	0|0	0|0	0|0	0|0	0|0	0|0	0|0	0|0	0|0	0|0	0|0	0|0	0|0	0|0	0|0	0|0	0|0	0|0	0|0	0|0	0|0	0|0	0|0	0|0	0|0	0|0	0|0	0|0	0|0	0|0	0|0	0|0	0|0	0|0	0|0	0|0	0|0	0|0	0|0	0|0	0|0	0|0	0|0	0|0	0|0	0|0	0|0	0|0	0|0	0|0	0|0	0|0	0|0	0|0	0|0	0|0	0|0	0|0	0|0	0|0	0|0	0|0	0|0	0|0	0|0	0|0	0|0	0|0	0|0	0|0	0|0	0|0	0|0	0|0	0|0	0|0	0|0	0|0	0|0	0|0	0|0	0|0	0|0	0|0	0|0	0|0	0|0	0|0	0|0	0|0	0|0	0|0	0|0	0|0	0|0	0|0	1|0	0|0	0|0	1|0	0|0	0|0	0|0	0|0	0|0	0|0	0|0	0|0	0|0	0|0	0|0	1|0	0|0	0|0	TRUE	17000001	18000000	17000.001
6	39685929	7	6:39000001-40000000	Chr_6_39685929	T	A	TRUE	.	.	396	0.015330188679245293	0.9846698113207547	g23770	A|downstream_gene_variant|MODIFIER|g23770|g23770|transcript|g23770.t1|protein_coding||c.*4994A>T|||||4994|	A|intergenic_region|MODIFIER|g23769-g23770|g23769-g23770|intergenic_region|g23769-g23770|||n.39685929T>A||||||	4.59284	7.82361e-11	0.687901	Num_Stems	NA	GT	1|1	1|1	1|1	1|1	1|1	1|1	1|1	1|1	1|1	1|1	1|1	1|1	1|1	1|1	1|1	1|1	1|1	1|0	1|1	1|1	1|1	1|1	1|1	1|1	1|1	1|1	1|1	1|1	1|1	1|1	1|1	1|1	1|1	1|1	1|1	1|1	1|1	1|1	1|1	1|1	1|1	1|1	1|1	1|1	1|1	1|1	1|1	1|1	1|1	1|1	1|1	1|1	1|1	1|1	1|1	1|1	1|1	1|1	1|1	1|1	1|1	1|1	1|1	1|1	1|1	1|1	1|1	1|1	1|1	1|1	1|1	1|1	1|1	1|1	1|1	1|1	1|1	1|1	1|1	1|1	1|1	1|1	1|1	1|1	1|1	1|1	1|1	1|1	0|0	1|1	1|1	1|1	1|1	1|1	1|1	1|1	1|1	1|1	1|1	1|1	1|1	1|1	1|1	1|1	1|1	1|1	1|1	1|1	1|1	1|1	1|1	1|1	1|1	1|1	1|1	1|1	1|1	1|1	1|1	1|1	1|1	1|1	1|1	1|1	1|1	1|1	1|1	1|1	1|1	1|1	1|1	1|1	1|1	1|1	1|1	1|1	1|1	1|1	1|1	1|1	1|1	1|1	1|1	1|1	1|1	1|1	1|1	1|1	1|1	1|1	1|1	1|1	1|1	1|1	1|1	1|1	1|1	1|0	1|1	1|1	1|1	1|1	0|1	1|1	1|1	1|1	1|1	1|1	1|1	1|1	1|1	1|1	1|1	1|1	0|1	1|1	1|1	1|1	1|1	1|1	1|1	1|1	1|1	1|1	1|1	1|1	1|1	1|1	1|1	1|1	1|1	1|1	1|1	1|1	1|1	1|1	1|1	1|1	1|1	1|1	1|1	1|1	1|1	1|1	1|1	1|1	1|1	1|1	1|1	1|1	1|1	0|1	0|1	1|1	1|1	1|1	1|1	1|1	1|1	1|1	1|1	1|1	1|1	1|1	1|1	1|1	1|1	1|1	1|1	1|1	1|1	1|1	1|1	1|1	1|1	1|1	1|1	1|1	1|1	1|1	1|1	1|1	1|1	1|1	1|1	1|1	1|1	1|1	1|1	1|1	1|1	1|1	1|1	1|1	1|1	1|1	1|1	1|1	1|1	1|1	1|1	1|1	1|1	1|1	1|1	1|1	1|1	1|1	1|1	1|1	1|1	1|1	1|1	1|1	1|1	1|1	1|1	1|1	1|1	1|1	1|1	1|1	1|1	1|1	1|1	1|1	1|1	1|1	1|1	1|1	1|1	1|1	1|1	1|1	1|1	1|1	1|1	1|1	1|1	1|1	1|1	1|1	1|1	1|1	1|1	1|1	1|1	1|1	1|1	1|1	1|1	1|1	1|1	1|1	1|1	1|1	1|1	1|1	1|1	1|1	1|1	1|1	1|1	1|1	1|1	1|1	1|1	1|1	1|1	1|1	1|1	1|1	1|1	1|1	1|1	1|1	1|1	1|1	1|1	1|1	1|1	1|1	1|1	1|1	1|1	1|1	1|1	1|1	1|1	1|1	1|1	1|1	1|1	1|1	1|1	1|1	1|1	1|1	1|1	1|1	1|1	1|1	1|1	1|1	1|1	1|1	1|1	1|1	1|1	1|1	1|1	1|1	1|1	1|1	1|1	1|1	1|1	1|1	1|1	1|1	1|1	1|1	1|1	1|1	1|1	1|1	1|1	1|1	1|1	1|1	1|1	1|0	1|1	1|1	1|1	1|1	1|0	1|1	1|1	1|1	1|1	1|0	1|1	1|1	1|1	1|1	1|0	1|1	1|1	1|1	1|1	1|1	1|1	1|1	1|1	1|1	1|1	1|1	1|1	1|1	1|1	0|1	1|1	1|1	TRUE	39000001	40000000	39000.001
6	39709007	7	6:39000001-40000000	Chr_6_39709007	GTCT	G	FALSE	.	.	397	0.01297169811320753	0.9870283018867925	g23771	G|conservative_inframe_deletion|MODERATE|g23771|g23771|transcript|g23771.t1|protein_coding|1/9|c.13_15delTCT|p.Ser5del|13/1149|13/1149|5/382||INFO_REALIGN_3_PRIME	G|downstream_gene_variant|MODIFIER|g23772|g23772|transcript|g23772.t1|protein_coding||c.*4421_*4423delAGA|||||4423|,G|downstream_gene_variant|MODIFIER|g23772|g23772|transcript|g23772.t2|protein_coding||c.*4515_*4517delAGA|||||4517|	4.50177	5.25265e-9	0.754815	Num_Stems	NA	GT	1|1	1|1	1|1	1|1	1|1	1|1	1|1	1|1	1|1	1|1	1|1	1|1	1|1	1|1	1|1	1|1	1|1	1|0	1|1	1|1	1|1	1|1	1|1	1|1	1|1	1|1	1|1	1|1	1|1	1|1	1|1	1|1	1|1	1|1	1|1	1|1	1|1	1|1	1|1	1|1	1|1	1|1	1|1	1|1	1|1	1|1	1|1	1|1	1|1	1|1	1|1	1|1	1|1	1|1	1|1	1|1	1|1	1|1	1|1	1|1	1|1	1|1	1|1	1|1	1|1	1|1	1|1	1|1	1|1	1|1	1|1	1|1	1|1	1|1	1|1	1|1	1|1	1|1	1|1	1|1	1|1	1|1	1|1	1|1	1|1	1|1	1|1	1|1	1|0	1|1	1|1	1|1	1|1	1|1	1|1	1|1	1|1	1|1	1|1	1|1	1|1	1|1	1|1	1|1	1|1	1|1	1|1	1|1	1|1	1|1	1|1	1|1	1|1	1|1	1|1	1|1	1|1	1|1	1|1	1|1	1|1	1|1	1|1	1|1	1|1	1|1	1|1	1|1	1|1	1|1	1|1	1|1	1|1	1|1	1|1	1|1	1|1	1|1	1|1	1|1	1|1	1|1	1|1	1|1	1|1	1|1	1|1	1|1	1|1	1|1	1|1	1|1	1|1	1|1	1|1	1|1	1|1	1|0	1|1	1|1	1|1	1|1	0|1	1|1	1|1	1|1	1|1	1|1	1|1	1|1	1|1	1|1	1|1	1|1	1|1	1|1	1|1	1|1	1|1	1|1	1|1	1|1	1|1	1|1	1|1	1|1	1|1	1|1	1|1	1|1	1|1	1|1	1|1	1|1	1|1	1|1	1|1	1|1	1|1	1|1	1|1	1|1	1|1	1|1	1|1	1|1	1|1	1|1	1|1	1|1	1|1	0|1	1|0	1|1	1|1	1|1	1|1	1|1	1|1	1|1	1|1	1|1	1|1	1|1	1|1	1|1	1|1	1|1	1|1	1|1	1|1	1|1	1|1	1|1	1|1	1|1	1|1	1|1	1|1	1|1	1|1	1|1	1|1	1|1	1|1	1|1	1|1	1|1	1|1	1|1	1|1	1|1	1|1	1|1	1|1	1|1	1|1	1|1	1|1	1|1	1|1	1|1	1|1	1|1	1|1	1|1	1|1	1|1	1|1	1|1	1|1	1|1	1|1	1|1	1|1	1|1	1|1	1|1	1|1	1|1	1|1	1|1	1|1	1|1	1|1	1|1	1|1	1|1	1|1	1|1	1|1	1|1	1|1	1|1	1|1	1|1	1|1	1|1	1|1	1|1	1|1	1|1	1|1	1|1	1|1	1|1	1|1	1|1	1|1	1|1	1|1	1|1	1|1	1|1	1|1	1|1	1|1	1|1	1|1	1|1	1|1	1|1	1|1	1|1	1|1	1|1	1|1	1|1	1|1	1|1	1|1	1|1	1|1	1|1	1|1	1|1	1|1	1|1	1|1	1|1	1|1	1|1	1|1	1|1	1|1	1|1	1|1	1|1	1|1	1|1	1|1	1|1	1|1	1|1	1|1	1|1	1|1	1|1	1|1	1|1	1|1	1|1	1|1	1|1	1|1	1|1	1|1	1|1	1|1	1|1	1|1	1|1	1|1	1|1	1|1	1|1	1|1	1|1	1|1	1|1	1|1	1|1	1|1	1|1	1|1	1|1	1|1	1|1	1|1	1|1	1|1	1|0	1|1	1|1	1|1	1|1	0|0	1|1	1|1	1|1	1|1	1|0	1|1	1|1	1|1	1|1	1|0	1|1	1|1	1|1	1|1	1|1	1|1	1|1	1|1	1|1	1|1	1|1	1|1	1|1	1|1	1|1	1|1	1|1	TRUE	39000001	40000000	39000.001
6	39722476	7	6:39000001-40000000	Chr_6_39722476	TC	T	FALSE	.	.	397	0.018867924528301883	0.9811320754716981	g23773	T|upstream_gene_variant|MODIFIER|g23773|g23773|transcript|g23773.t1|protein_coding||c.-421delG|||||421|	T|upstream_gene_variant|MODIFIER|g23774|g23774|transcript|g23774.t1|protein_coding||c.-246delC|||||246|,T|downstream_gene_variant|MODIFIER|g23775|g23775|transcript|g23775.t1|protein_coding||c.*1392delG|||||1392|,T|downstream_gene_variant|MODIFIER|g23775|g23775|transcript|g23775.t2|protein_coding||c.*1392delG|||||1392|,T|intergenic_region|MODIFIER|g23773-g23774|g23773-g23774|intergenic_region|g23773-g23774|||n.39722477delC||||||	3.35484	4.72432e-8	0.60296	Num_Stems	NA	GT	1|1	1|1	1|1	1|1	1|1	1|1	1|1	1|1	1|1	1|1	1|1	1|1	1|1	1|1	1|1	1|1	1|1	0|1	1|1	1|1	1|1	1|1	1|1	1|1	1|1	1|1	1|1	1|1	1|1	1|1	1|1	1|1	1|1	1|1	1|1	1|1	1|1	1|1	1|1	1|1	1|1	1|1	1|1	1|1	1|1	1|1	0|1	1|1	1|1	1|1	1|1	1|1	1|1	1|1	1|1	1|1	1|1	1|1	1|0	1|1	1|1	1|1	1|1	1|1	1|1	1|1	1|1	1|1	1|1	1|1	1|1	1|1	1|1	1|1	1|1	1|1	1|1	1|1	1|1	1|1	1|1	1|1	1|1	1|1	1|1	1|1	1|1	1|1	0|0	1|1	1|1	1|1	1|1	1|1	1|1	1|1	1|1	1|1	1|1	1|1	1|1	1|1	1|1	1|1	1|1	1|1	1|1	1|1	1|1	1|1	1|1	1|1	1|1	1|1	1|1	1|1	1|1	1|1	1|1	1|1	1|1	1|1	1|1	1|1	1|1	1|1	1|1	1|1	1|1	1|1	1|1	1|1	1|1	1|1	1|1	1|1	1|1	1|1	1|1	1|1	1|1	1|1	1|1	1|1	1|1	1|1	1|1	1|1	1|1	1|1	1|1	1|1	1|1	1|1	1|1	1|1	1|1	1|0	1|1	1|1	1|1	1|1	1|0	1|1	1|1	1|1	1|1	1|1	1|1	1|1	1|1	1|1	1|1	1|1	1|0	1|1	1|1	1|1	1|1	1|1	1|1	1|1	1|1	1|1	1|1	1|1	1|1	1|1	1|1	1|1	1|1	1|1	1|1	1|1	1|1	1|1	1|1	1|1	1|1	1|1	1|1	1|1	1|1	1|1	1|1	1|1	1|1	1|1	1|1	1|1	1|1	0|0	1|0	1|1	1|1	1|1	1|1	1|1	1|1	1|1	1|1	1|1	1|1	1|1	1|1	1|1	1|1	1|1	1|1	1|1	1|1	1|1	1|1	1|1	1|1	1|1	1|1	1|1	1|1	1|1	1|1	1|1	1|1	1|1	1|1	1|1	1|1	1|1	1|1	1|1	1|1	1|1	1|1	1|1	1|1	1|1	1|1	1|1	1|1	1|1	1|1	1|1	1|1	1|1	1|1	1|1	1|1	1|1	1|1	1|1	1|1	1|1	1|1	1|1	1|1	1|1	1|1	1|1	1|1	1|1	1|1	1|1	1|1	1|1	1|1	1|1	1|1	1|1	1|1	1|1	1|1	1|1	1|1	1|1	1|1	1|1	1|1	1|1	1|1	1|1	1|1	1|1	1|1	1|1	1|1	1|1	1|1	1|1	1|1	1|1	1|1	1|1	1|1	1|1	1|1	1|1	1|1	1|1	1|1	1|1	1|1	1|1	1|1	1|1	1|1	1|1	1|1	1|1	1|1	1|1	1|1	1|1	1|1	1|1	1|1	1|1	1|1	1|1	1|1	1|1	1|1	1|1	1|1	1|1	1|1	1|1	1|1	1|1	1|1	1|1	1|1	1|1	1|1	1|1	1|1	1|1	1|1	1|1	1|1	1|1	1|1	1|1	1|1	1|1	1|1	1|1	1|1	1|1	1|1	1|1	1|1	1|1	1|1	1|1	1|1	1|1	1|1	1|1	1|1	1|1	1|1	1|1	1|1	1|1	1|1	1|1	1|1	1|1	1|1	1|1	1|1	1|0	1|1	1|1	1|1	1|1	1|0	1|1	1|1	1|1	1|1	1|0	1|1	1|1	1|1	1|1	1|0	1|1	1|1	1|1	1|1	1|1	1|1	1|1	1|1	1|1	1|1	1|1	1|1	1|1	1|1	0|1	1|1	1|1	TRUE	39000001	40000000	39000.001
6	39722499	7	6:39000001-40000000	Chr_6_39722499	C	T	FALSE	.	.	397	0.018867924528301883	0.9811320754716981	g23773	T|upstream_gene_variant|MODIFIER|g23773|g23773|transcript|g23773.t1|protein_coding||c.-443G>A|||||443|	T|upstream_gene_variant|MODIFIER|g23774|g23774|transcript|g23774.t1|protein_coding||c.-224C>T|||||224|,T|downstream_gene_variant|MODIFIER|g23775|g23775|transcript|g23775.t1|protein_coding||c.*1370G>A|||||1370|,T|downstream_gene_variant|MODIFIER|g23775|g23775|transcript|g23775.t2|protein_coding||c.*1370G>A|||||1370|,T|intergenic_region|MODIFIER|g23773-g23774|g23773-g23774|intergenic_region|g23773-g23774|||n.39722499C>T||||||	3.35484	4.72432e-8	0.60296	Num_Stems	NA	GT	1|1	1|1	1|1	1|1	1|1	1|1	1|1	1|1	1|1	1|1	1|1	1|1	1|1	1|1	1|1	1|1	1|1	0|1	1|1	1|1	1|1	1|1	1|1	1|1	1|1	1|1	1|1	1|1	1|1	1|1	1|1	1|1	1|1	1|1	1|1	1|1	1|1	1|1	1|1	1|1	1|1	1|1	1|1	1|1	1|1	1|1	0|1	1|1	1|1	1|1	1|1	1|1	1|1	1|1	1|1	1|1	1|1	1|1	1|0	1|1	1|1	1|1	1|1	1|1	1|1	1|1	1|1	1|1	1|1	1|1	1|1	1|1	1|1	1|1	1|1	1|1	1|1	1|1	1|1	1|1	1|1	1|1	1|1	1|1	1|1	1|1	1|1	1|1	0|0	1|1	1|1	1|1	1|1	1|1	1|1	1|1	1|1	1|1	1|1	1|1	1|1	1|1	1|1	1|1	1|1	1|1	1|1	1|1	1|1	1|1	1|1	1|1	1|1	1|1	1|1	1|1	1|1	1|1	1|1	1|1	1|1	1|1	1|1	1|1	1|1	1|1	1|1	1|1	1|1	1|1	1|1	1|1	1|1	1|1	1|1	1|1	1|1	1|1	1|1	1|1	1|1	1|1	1|1	1|1	1|1	1|1	1|1	1|1	1|1	1|1	1|1	1|1	1|1	1|1	1|1	1|1	1|1	1|0	1|1	1|1	1|1	1|1	1|0	1|1	1|1	1|1	1|1	1|1	1|1	1|1	1|1	1|1	1|1	1|1	1|0	1|1	1|1	1|1	1|1	1|1	1|1	1|1	1|1	1|1	1|1	1|1	1|1	1|1	1|1	1|1	1|1	1|1	1|1	1|1	1|1	1|1	1|1	1|1	1|1	1|1	1|1	1|1	1|1	1|1	1|1	1|1	1|1	1|1	1|1	1|1	1|1	0|0	1|0	1|1	1|1	1|1	1|1	1|1	1|1	1|1	1|1	1|1	1|1	1|1	1|1	1|1	1|1	1|1	1|1	1|1	1|1	1|1	1|1	1|1	1|1	1|1	1|1	1|1	1|1	1|1	1|1	1|1	1|1	1|1	1|1	1|1	1|1	1|1	1|1	1|1	1|1	1|1	1|1	1|1	1|1	1|1	1|1	1|1	1|1	1|1	1|1	1|1	1|1	1|1	1|1	1|1	1|1	1|1	1|1	1|1	1|1	1|1	1|1	1|1	1|1	1|1	1|1	1|1	1|1	1|1	1|1	1|1	1|1	1|1	1|1	1|1	1|1	1|1	1|1	1|1	1|1	1|1	1|1	1|1	1|1	1|1	1|1	1|1	1|1	1|1	1|1	1|1	1|1	1|1	1|1	1|1	1|1	1|1	1|1	1|1	1|1	1|1	1|1	1|1	1|1	1|1	1|1	1|1	1|1	1|1	1|1	1|1	1|1	1|1	1|1	1|1	1|1	1|1	1|1	1|1	1|1	1|1	1|1	1|1	1|1	1|1	1|1	1|1	1|1	1|1	1|1	1|1	1|1	1|1	1|1	1|1	1|1	1|1	1|1	1|1	1|1	1|1	1|1	1|1	1|1	1|1	1|1	1|1	1|1	1|1	1|1	1|1	1|1	1|1	1|1	1|1	1|1	1|1	1|1	1|1	1|1	1|1	1|1	1|1	1|1	1|1	1|1	1|1	1|1	1|1	1|1	1|1	1|1	1|1	1|1	1|1	1|1	1|1	1|1	1|1	1|1	1|0	1|1	1|1	1|1	1|1	1|0	1|1	1|1	1|1	1|1	1|0	1|1	1|1	1|1	1|1	1|0	1|1	1|1	1|1	1|1	1|1	1|1	1|1	1|1	1|1	1|1	1|1	1|1	1|1	1|1	0|1	1|1	1|1	TRUE	39000001	40000000	39000.001
6	39727038	7	6:39000001-40000000	Chr_6_39727038	A	G	FALSE	.	.	397	0.018867924528301883	0.9811320754716981	g23773	G|upstream_gene_variant|MODIFIER|g23773|g23773|transcript|g23773.t1|protein_coding||c.-4982T>C|||||4982|	G|upstream_gene_variant|MODIFIER|g23775|g23775|transcript|g23775.t1|protein_coding||c.-1240T>C|||||1240|,G|upstream_gene_variant|MODIFIER|g23775|g23775|transcript|g23775.t2|protein_coding||c.-1240T>C|||||1240|,G|downstream_gene_variant|MODIFIER|g23774|g23774|transcript|g23774.t1|protein_coding||c.*3869A>G|||||3869|,G|intergenic_region|MODIFIER|g23775-g23776|g23775-g23776|intergenic_region|g23775-g23776|||n.39727038A>G||||||	3.62618	2.37704e-8	0.637123	Num_Stems	NA	GT	1|1	1|1	1|1	1|1	1|1	1|1	1|1	1|1	1|1	1|1	1|1	1|1	1|1	1|1	1|1	1|1	1|1	0|1	1|1	1|1	1|1	1|1	1|1	1|1	1|1	1|1	1|1	1|1	1|1	1|1	1|1	1|1	1|1	1|1	1|1	1|1	1|1	1|1	1|1	1|1	1|1	1|1	1|1	1|1	1|1	1|1	1|1	1|1	1|1	1|1	1|1	1|1	1|1	1|1	1|1	1|1	1|1	1|1	1|1	1|1	1|1	1|1	1|1	1|1	1|1	1|1	1|1	1|1	1|1	1|1	1|1	1|1	1|1	1|1	1|1	1|1	1|1	1|1	1|1	1|1	1|1	1|1	1|1	1|1	1|1	1|1	1|1	1|1	0|0	1|1	1|1	1|1	1|1	1|1	1|1	1|1	1|1	1|1	1|1	1|1	1|1	1|1	1|1	1|1	1|1	1|1	1|1	1|1	1|1	1|1	1|1	1|1	1|1	1|1	1|1	0|1	1|1	1|1	1|1	1|1	1|1	1|1	1|1	1|1	1|1	1|1	1|1	1|1	1|1	1|1	1|1	1|1	1|1	1|1	1|1	1|1	1|1	1|1	1|1	1|1	1|1	1|1	1|1	1|1	1|1	1|1	1|1	1|1	1|1	1|1	1|1	1|1	1|1	1|1	1|1	1|1	1|1	1|0	1|1	1|1	1|1	1|1	1|0	1|1	1|1	1|1	1|1	1|1	1|1	1|1	1|1	1|1	1|1	1|1	1|0	1|1	1|1	1|1	1|1	1|1	1|1	1|1	1|1	1|1	1|1	1|1	1|1	1|1	1|1	1|1	1|1	1|1	1|1	1|1	1|1	1|1	1|1	1|1	1|1	1|1	1|1	1|1	1|1	1|1	1|1	1|1	1|1	1|1	0|1	1|1	1|1	0|1	1|0	1|1	1|1	1|1	1|1	1|1	1|1	1|1	1|1	1|1	1|1	1|1	1|1	1|1	1|1	1|1	1|1	1|1	1|1	1|1	1|1	1|1	1|1	1|1	1|1	1|1	1|1	1|1	1|1	1|1	1|1	1|1	1|1	1|1	1|1	1|1	1|1	0|1	1|1	1|1	1|1	1|1	1|1	1|1	1|1	1|1	1|1	1|1	1|1	1|1	1|1	1|1	1|1	1|1	1|1	1|1	1|1	1|1	1|1	1|1	1|1	1|1	1|1	1|1	1|1	1|1	1|1	1|1	1|1	1|1	1|1	1|1	1|1	1|1	1|1	1|1	1|1	1|1	1|1	1|1	1|1	1|1	1|1	1|1	1|1	1|1	1|1	1|1	1|1	1|1	1|1	1|1	1|1	1|1	1|1	1|1	1|1	1|1	1|1	1|1	1|1	1|1	1|1	1|1	1|1	1|1	1|1	1|1	1|1	1|1	1|1	1|1	1|1	1|1	1|1	1|1	1|1	1|1	1|1	1|1	1|1	1|1	1|1	1|1	1|1	1|1	1|1	1|1	1|1	1|1	1|1	1|1	1|1	1|1	1|1	1|1	1|1	1|1	1|1	1|1	1|1	1|1	1|1	1|1	1|1	1|1	1|1	1|1	1|1	1|1	1|1	1|1	1|1	1|1	1|1	1|1	1|1	1|1	1|1	1|1	1|1	1|1	1|1	1|1	1|1	1|1	1|1	1|1	1|1	1|1	1|1	1|1	1|1	1|1	1|1	1|1	1|1	1|1	1|1	1|0	1|1	1|1	1|1	1|1	1|0	1|1	1|1	1|1	1|1	1|0	1|1	1|1	1|1	1|1	1|0	1|1	1|1	1|1	1|1	1|1	1|1	1|1	1|1	1|1	1|1	1|1	1|1	1|1	1|1	0|1	1|1	1|1	TRUE	39000001	40000000	39000.001
6	39727109	7	6:39000001-40000000	Chr_6_39727109	TA	T	FALSE	.	.	397	0.017688679245283057	0.9823113207547169	g23775	T|upstream_gene_variant|MODIFIER|g23775|g23775|transcript|g23775.t1|protein_coding||c.-1312delT|||||1312|	T|upstream_gene_variant|MODIFIER|g23775|g23775|transcript|g23775.t2|protein_coding||c.-1312delT|||||1312|,T|downstream_gene_variant|MODIFIER|g23774|g23774|transcript|g23774.t1|protein_coding||c.*3941delA|||||3941|,T|intergenic_region|MODIFIER|g23775-g23776|g23775-g23776|intergenic_region|g23775-g23776|||n.39727110delA||||||	3.78666	1.36955e-8	0.65375	Num_Stems	NA	GT	1|1	1|1	1|1	1|1	1|1	1|1	1|1	1|1	1|1	1|1	1|1	1|1	1|1	1|1	1|1	1|1	1|1	0|1	1|1	1|1	1|1	1|1	1|1	1|1	1|1	1|1	1|1	1|1	1|1	1|1	1|1	1|1	1|1	1|1	1|1	1|1	1|1	1|1	1|1	1|1	1|1	1|1	1|1	1|1	1|1	1|1	0|1	1|1	1|1	1|1	1|1	1|1	1|1	1|1	1|1	1|1	1|1	1|1	1|0	1|1	1|1	1|1	1|1	1|1	1|1	1|1	1|1	1|1	1|1	1|1	1|1	1|1	1|1	1|1	1|1	1|1	1|1	1|1	1|1	1|1	1|1	1|1	1|1	1|1	1|1	1|1	1|1	1|1	0|0	1|1	1|1	1|1	1|1	1|1	1|1	1|1	1|1	1|1	1|1	1|1	1|1	1|1	1|1	1|1	1|1	1|1	1|1	1|1	1|1	1|1	1|1	1|1	1|1	1|1	1|1	1|1	1|1	1|1	1|1	1|1	1|1	1|1	1|1	1|1	1|1	1|1	1|1	1|1	1|1	1|1	1|1	1|1	1|1	1|1	1|1	1|1	1|1	1|1	1|1	1|1	1|1	1|1	1|1	1|1	1|1	1|1	1|1	1|1	1|1	1|1	1|1	1|1	1|1	1|1	1|1	1|1	1|1	1|0	1|1	1|1	1|1	1|1	1|0	1|1	1|1	1|1	1|1	1|1	1|1	1|1	1|1	1|1	1|1	1|1	1|0	1|1	1|1	1|1	1|1	1|1	1|1	1|1	1|1	1|1	1|1	1|1	1|1	1|1	1|1	1|1	1|1	1|1	1|1	1|1	1|1	1|1	1|1	1|1	1|1	1|1	1|1	1|1	1|1	1|1	1|1	1|1	1|1	1|1	1|1	1|1	1|1	0|1	1|0	1|1	1|1	1|1	1|1	1|1	1|1	1|1	1|1	1|1	1|1	1|1	1|1	1|1	1|1	1|1	1|1	1|1	1|1	1|1	1|1	1|1	1|1	1|1	1|1	1|1	1|1	1|1	1|1	1|1	1|1	1|1	1|1	1|1	1|1	1|1	1|1	1|1	1|1	1|1	1|1	1|1	1|1	1|1	1|1	1|1	1|1	1|1	1|1	1|1	1|1	1|1	1|1	1|1	1|1	1|1	1|1	1|1	1|1	1|1	1|1	1|1	1|1	1|1	1|1	1|1	1|1	1|1	1|1	1|1	1|1	1|1	1|1	1|1	1|1	1|1	1|1	1|1	1|1	1|1	1|1	1|1	1|1	1|1	1|1	1|1	1|1	1|1	1|1	1|1	1|1	1|1	1|1	1|1	1|1	1|1	1|1	1|1	1|1	1|1	1|1	1|1	1|1	1|1	1|1	1|1	1|1	1|1	1|1	1|1	1|1	1|1	1|1	1|1	1|1	1|1	1|1	1|1	1|1	1|1	1|1	1|1	1|1	1|1	1|1	1|1	1|1	1|1	1|1	1|1	1|1	1|1	1|1	1|1	1|1	1|1	1|1	1|1	1|1	1|1	1|1	1|1	1|1	1|1	1|1	1|1	1|1	1|1	1|1	1|1	1|1	1|1	1|1	1|1	1|1	1|1	1|1	1|1	1|1	1|1	1|1	1|1	1|1	1|1	1|1	1|1	1|1	1|1	1|1	1|1	1|1	1|1	1|1	1|1	1|1	1|1	1|1	1|1	1|1	1|0	1|1	1|1	1|1	1|1	1|0	1|1	1|1	1|1	1|1	1|0	1|1	1|1	1|1	1|1	1|0	1|1	1|1	1|1	1|1	1|1	1|1	1|1	1|1	1|1	1|1	1|1	1|1	1|1	1|1	0|1	1|1	1|1	TRUE	39000001	40000000	39000.001
6	39727128	7	6:39000001-40000000	Chr_6_39727128	C	T	FALSE	.	.	397	0.017688679245283057	0.9823113207547169	g23775	T|upstream_gene_variant|MODIFIER|g23775|g23775|transcript|g23775.t1|protein_coding||c.-1330G>A|||||1330|	T|upstream_gene_variant|MODIFIER|g23775|g23775|transcript|g23775.t2|protein_coding||c.-1330G>A|||||1330|,T|downstream_gene_variant|MODIFIER|g23774|g23774|transcript|g23774.t1|protein_coding||c.*3959C>T|||||3959|,T|intergenic_region|MODIFIER|g23775-g23776|g23775-g23776|intergenic_region|g23775-g23776|||n.39727128C>T||||||	3.78666	1.36955e-8	0.65375	Num_Stems	NA	GT	1|1	1|1	1|1	1|1	1|1	1|1	1|1	1|1	1|1	1|1	1|1	1|1	1|1	1|1	1|1	1|1	1|1	0|1	1|1	1|1	1|1	1|1	1|1	1|1	1|1	1|1	1|1	1|1	1|1	1|1	1|1	1|1	1|1	1|1	1|1	1|1	1|1	1|1	1|1	1|1	1|1	1|1	1|1	1|1	1|1	1|1	0|1	1|1	1|1	1|1	1|1	1|1	1|1	1|1	1|1	1|1	1|1	1|1	1|0	1|1	1|1	1|1	1|1	1|1	1|1	1|1	1|1	1|1	1|1	1|1	1|1	1|1	1|1	1|1	1|1	1|1	1|1	1|1	1|1	1|1	1|1	1|1	1|1	1|1	1|1	1|1	1|1	1|1	0|0	1|1	1|1	1|1	1|1	1|1	1|1	1|1	1|1	1|1	1|1	1|1	1|1	1|1	1|1	1|1	1|1	1|1	1|1	1|1	1|1	1|1	1|1	1|1	1|1	1|1	1|1	1|1	1|1	1|1	1|1	1|1	1|1	1|1	1|1	1|1	1|1	1|1	1|1	1|1	1|1	1|1	1|1	1|1	1|1	1|1	1|1	1|1	1|1	1|1	1|1	1|1	1|1	1|1	1|1	1|1	1|1	1|1	1|1	1|1	1|1	1|1	1|1	1|1	1|1	1|1	1|1	1|1	1|1	1|0	1|1	1|1	1|1	1|1	1|0	1|1	1|1	1|1	1|1	1|1	1|1	1|1	1|1	1|1	1|1	1|1	1|0	1|1	1|1	1|1	1|1	1|1	1|1	1|1	1|1	1|1	1|1	1|1	1|1	1|1	1|1	1|1	1|1	1|1	1|1	1|1	1|1	1|1	1|1	1|1	1|1	1|1	1|1	1|1	1|1	1|1	1|1	1|1	1|1	1|1	1|1	1|1	1|1	0|1	1|0	1|1	1|1	1|1	1|1	1|1	1|1	1|1	1|1	1|1	1|1	1|1	1|1	1|1	1|1	1|1	1|1	1|1	1|1	1|1	1|1	1|1	1|1	1|1	1|1	1|1	1|1	1|1	1|1	1|1	1|1	1|1	1|1	1|1	1|1	1|1	1|1	1|1	1|1	1|1	1|1	1|1	1|1	1|1	1|1	1|1	1|1	1|1	1|1	1|1	1|1	1|1	1|1	1|1	1|1	1|1	1|1	1|1	1|1	1|1	1|1	1|1	1|1	1|1	1|1	1|1	1|1	1|1	1|1	1|1	1|1	1|1	1|1	1|1	1|1	1|1	1|1	1|1	1|1	1|1	1|1	1|1	1|1	1|1	1|1	1|1	1|1	1|1	1|1	1|1	1|1	1|1	1|1	1|1	1|1	1|1	1|1	1|1	1|1	1|1	1|1	1|1	1|1	1|1	1|1	1|1	1|1	1|1	1|1	1|1	1|1	1|1	1|1	1|1	1|1	1|1	1|1	1|1	1|1	1|1	1|1	1|1	1|1	1|1	1|1	1|1	1|1	1|1	1|1	1|1	1|1	1|1	1|1	1|1	1|1	1|1	1|1	1|1	1|1	1|1	1|1	1|1	1|1	1|1	1|1	1|1	1|1	1|1	1|1	1|1	1|1	1|1	1|1	1|1	1|1	1|1	1|1	1|1	1|1	1|1	1|1	1|1	1|1	1|1	1|1	1|1	1|1	1|1	1|1	1|1	1|1	1|1	1|1	1|1	1|1	1|1	1|1	1|1	1|1	1|0	1|1	1|1	1|1	1|1	1|0	1|1	1|1	1|1	1|1	1|0	1|1	1|1	1|1	1|1	1|0	1|1	1|1	1|1	1|1	1|1	1|1	1|1	1|1	1|1	1|1	1|1	1|1	1|1	1|1	0|1	1|1	1|1	TRUE	39000001	40000000	39000.001
6	39730791	7	6:39000001-40000000	Chr_6_39730791	C	G	FALSE	.	.	397	0.017688679245283057	0.9823113207547169	g23775	G|upstream_gene_variant|MODIFIER|g23775|g23775|transcript|g23775.t1|protein_coding||c.-4993G>C|||||4993|	G|upstream_gene_variant|MODIFIER|g23775|g23775|transcript|g23775.t2|protein_coding||c.-4993G>C|||||4993|,G|downstream_gene_variant|MODIFIER|g23776|g23776|transcript|g23776.t1|protein_coding||c.*2314G>C|||||2314|,G|intergenic_region|MODIFIER|g23775-g23776|g23775-g23776|intergenic_region|g23775-g23776|||n.39730791C>G||||||	3.78666	1.36955e-8	0.65375	Num_Stems	NA	GT	1|1	1|1	1|1	1|1	1|1	1|1	1|1	1|1	1|1	1|1	1|1	1|1	1|1	1|1	1|1	1|1	1|1	0|1	1|1	1|1	1|1	1|1	1|1	1|1	1|1	1|1	1|1	1|1	1|1	1|1	1|1	1|1	1|1	1|1	1|1	1|1	1|1	1|1	1|1	1|1	1|1	1|1	1|1	1|1	1|1	1|1	0|1	1|1	1|1	1|1	1|1	1|1	1|1	1|1	1|1	1|1	1|1	1|1	1|0	1|1	1|1	1|1	1|1	1|1	1|1	1|1	1|1	1|1	1|1	1|1	1|1	1|1	1|1	1|1	1|1	1|1	1|1	1|1	1|1	1|1	1|1	1|1	1|1	1|1	1|1	1|1	1|1	1|1	0|0	1|1	1|1	1|1	1|1	1|1	1|1	1|1	1|1	1|1	1|1	1|1	1|1	1|1	1|1	1|1	1|1	1|1	1|1	1|1	1|1	1|1	1|1	1|1	1|1	1|1	1|1	1|1	1|1	1|1	1|1	1|1	1|1	1|1	1|1	1|1	1|1	1|1	1|1	1|1	1|1	1|1	1|1	1|1	1|1	1|1	1|1	1|1	1|1	1|1	1|1	1|1	1|1	1|1	1|1	1|1	1|1	1|1	1|1	1|1	1|1	1|1	1|1	1|1	1|1	1|1	1|1	1|1	1|1	1|0	1|1	1|1	1|1	1|1	1|0	1|1	1|1	1|1	1|1	1|1	1|1	1|1	1|1	1|1	1|1	1|1	1|0	1|1	1|1	1|1	1|1	1|1	1|1	1|1	1|1	1|1	1|1	1|1	1|1	1|1	1|1	1|1	1|1	1|1	1|1	1|1	1|1	1|1	1|1	1|1	1|1	1|1	1|1	1|1	1|1	1|1	1|1	1|1	1|1	1|1	1|1	1|1	1|1	0|1	1|0	1|1	1|1	1|1	1|1	1|1	1|1	1|1	1|1	1|1	1|1	1|1	1|1	1|1	1|1	1|1	1|1	1|1	1|1	1|1	1|1	1|1	1|1	1|1	1|1	1|1	1|1	1|1	1|1	1|1	1|1	1|1	1|1	1|1	1|1	1|1	1|1	1|1	1|1	1|1	1|1	1|1	1|1	1|1	1|1	1|1	1|1	1|1	1|1	1|1	1|1	1|1	1|1	1|1	1|1	1|1	1|1	1|1	1|1	1|1	1|1	1|1	1|1	1|1	1|1	1|1	1|1	1|1	1|1	1|1	1|1	1|1	1|1	1|1	1|1	1|1	1|1	1|1	1|1	1|1	1|1	1|1	1|1	1|1	1|1	1|1	1|1	1|1	1|1	1|1	1|1	1|1	1|1	1|1	1|1	1|1	1|1	1|1	1|1	1|1	1|1	1|1	1|1	1|1	1|1	1|1	1|1	1|1	1|1	1|1	1|1	1|1	1|1	1|1	1|1	1|1	1|1	1|1	1|1	1|1	1|1	1|1	1|1	1|1	1|1	1|1	1|1	1|1	1|1	1|1	1|1	1|1	1|1	1|1	1|1	1|1	1|1	1|1	1|1	1|1	1|1	1|1	1|1	1|1	1|1	1|1	1|1	1|1	1|1	1|1	1|1	1|1	1|1	1|1	1|1	1|1	1|1	1|1	1|1	1|1	1|1	1|1	1|1	1|1	1|1	1|1	1|1	1|1	1|1	1|1	1|1	1|1	1|1	1|1	1|1	1|1	1|1	1|1	1|1	1|0	1|1	1|1	1|1	1|1	1|0	1|1	1|1	1|1	1|1	1|0	1|1	1|1	1|1	1|1	1|0	1|1	1|1	1|1	1|1	1|1	1|1	1|1	1|1	1|1	1|1	1|1	1|1	1|1	1|1	0|1	1|1	1|1	TRUE	39000001	40000000	39000.001
6	39730796	7	6:39000001-40000000	Chr_6_39730796	T	C	FALSE	.	.	397	0.017688679245283057	0.9823113207547169	g23775	C|upstream_gene_variant|MODIFIER|g23775|g23775|transcript|g23775.t1|protein_coding||c.-4998A>G|||||4998|	C|upstream_gene_variant|MODIFIER|g23775|g23775|transcript|g23775.t2|protein_coding||c.-4998A>G|||||4998|,C|downstream_gene_variant|MODIFIER|g23776|g23776|transcript|g23776.t1|protein_coding||c.*2309A>G|||||2309|,C|intergenic_region|MODIFIER|g23775-g23776|g23775-g23776|intergenic_region|g23775-g23776|||n.39730796T>C||||||	3.78666	1.36955e-8	0.65375	Num_Stems	NA	GT	1|1	1|1	1|1	1|1	1|1	1|1	1|1	1|1	1|1	1|1	1|1	1|1	1|1	1|1	1|1	1|1	1|1	0|1	1|1	1|1	1|1	1|1	1|1	1|1	1|1	1|1	1|1	1|1	1|1	1|1	1|1	1|1	1|1	1|1	1|1	1|1	1|1	1|1	1|1	1|1	1|1	1|1	1|1	1|1	1|1	1|1	0|1	1|1	1|1	1|1	1|1	1|1	1|1	1|1	1|1	1|1	1|1	1|1	1|0	1|1	1|1	1|1	1|1	1|1	1|1	1|1	1|1	1|1	1|1	1|1	1|1	1|1	1|1	1|1	1|1	1|1	1|1	1|1	1|1	1|1	1|1	1|1	1|1	1|1	1|1	1|1	1|1	1|1	0|0	1|1	1|1	1|1	1|1	1|1	1|1	1|1	1|1	1|1	1|1	1|1	1|1	1|1	1|1	1|1	1|1	1|1	1|1	1|1	1|1	1|1	1|1	1|1	1|1	1|1	1|1	1|1	1|1	1|1	1|1	1|1	1|1	1|1	1|1	1|1	1|1	1|1	1|1	1|1	1|1	1|1	1|1	1|1	1|1	1|1	1|1	1|1	1|1	1|1	1|1	1|1	1|1	1|1	1|1	1|1	1|1	1|1	1|1	1|1	1|1	1|1	1|1	1|1	1|1	1|1	1|1	1|1	1|1	1|0	1|1	1|1	1|1	1|1	1|0	1|1	1|1	1|1	1|1	1|1	1|1	1|1	1|1	1|1	1|1	1|1	1|0	1|1	1|1	1|1	1|1	1|1	1|1	1|1	1|1	1|1	1|1	1|1	1|1	1|1	1|1	1|1	1|1	1|1	1|1	1|1	1|1	1|1	1|1	1|1	1|1	1|1	1|1	1|1	1|1	1|1	1|1	1|1	1|1	1|1	1|1	1|1	1|1	0|1	1|0	1|1	1|1	1|1	1|1	1|1	1|1	1|1	1|1	1|1	1|1	1|1	1|1	1|1	1|1	1|1	1|1	1|1	1|1	1|1	1|1	1|1	1|1	1|1	1|1	1|1	1|1	1|1	1|1	1|1	1|1	1|1	1|1	1|1	1|1	1|1	1|1	1|1	1|1	1|1	1|1	1|1	1|1	1|1	1|1	1|1	1|1	1|1	1|1	1|1	1|1	1|1	1|1	1|1	1|1	1|1	1|1	1|1	1|1	1|1	1|1	1|1	1|1	1|1	1|1	1|1	1|1	1|1	1|1	1|1	1|1	1|1	1|1	1|1	1|1	1|1	1|1	1|1	1|1	1|1	1|1	1|1	1|1	1|1	1|1	1|1	1|1	1|1	1|1	1|1	1|1	1|1	1|1	1|1	1|1	1|1	1|1	1|1	1|1	1|1	1|1	1|1	1|1	1|1	1|1	1|1	1|1	1|1	1|1	1|1	1|1	1|1	1|1	1|1	1|1	1|1	1|1	1|1	1|1	1|1	1|1	1|1	1|1	1|1	1|1	1|1	1|1	1|1	1|1	1|1	1|1	1|1	1|1	1|1	1|1	1|1	1|1	1|1	1|1	1|1	1|1	1|1	1|1	1|1	1|1	1|1	1|1	1|1	1|1	1|1	1|1	1|1	1|1	1|1	1|1	1|1	1|1	1|1	1|1	1|1	1|1	1|1	1|1	1|1	1|1	1|1	1|1	1|1	1|1	1|1	1|1	1|1	1|1	1|1	1|1	1|1	1|1	1|1	1|1	1|0	1|1	1|1	1|1	1|1	1|0	1|1	1|1	1|1	1|1	1|0	1|1	1|1	1|1	1|1	1|0	1|1	1|1	1|1	1|1	1|1	1|1	1|1	1|1	1|1	1|1	1|1	1|1	1|1	1|1	0|1	1|1	1|1	TRUE	39000001	40000000	39000.001
8	13272223	8	8:13000001-14000000	Chr_8_13272223	T	A	TRUE	.	.	132	0.4681603773584906	0.5318396226415094	g29333	A|intron_variant|MODIFIER|g29333|g29333|transcript|g29333.t1|protein_coding|5/7|c.1192-19A>T||||||	NA	-0.999463	3.65473e-8	0.178098	Num_Stems	NA	GT	1|0	1|0	0|0	1|0	1|1	1|0	1|1	0|0	0|0	0|0	1|0	1|1	1|1	0|1	0|0	1|1	1|1	1|1	0|0	1|1	1|1	1|1	0|0	0|0	1|1	1|1	1|0	0|1	0|1	1|0	1|1	0|0	1|1	1|1	0|1	1|1	0|1	1|0	0|0	1|1	1|0	1|1	0|1	1|0	1|1	1|1	1|1	0|0	1|0	0|1	1|0	0|0	1|1	1|0	1|0	1|1	1|1	0|1	1|0	1|1	1|1	0|0	0|1	1|0	1|1	1|1	1|0	0|1	1|1	0|1	1|1	1|0	0|0	0|0	1|0	1|1	0|0	0|1	1|0	1|0	1|1	0|1	0|1	1|0	1|0	1|0	1|0	0|0	1|1	0|0	0|1	1|0	0|0	0|0	1|0	0|0	0|1	0|0	0|0	1|1	0|0	0|0	0|1	1|1	1|0	0|1	0|0	1|0	0|0	1|1	1|1	0|1	1|1	1|0	1|1	1|1	1|1	0|1	0|1	0|0	1|1	0|0	0|0	0|0	0|1	1|1	1|1	1|1	0|1	1|1	1|1	0|0	1|1	1|1	0|1	0|1	0|0	0|0	1|1	1|1	0|0	1|1	0|0	0|1	1|1	1|0	0|0	0|1	1|1	0|1	0|1	0|1	1|1	1|0	0|1	1|1	0|1	0|0	0|0	0|0	0|0	1|0	1|1	0|0	1|0	0|0	1|0	0|0	0|0	1|1	0|1	1|1	1|1	0|0	1|0	1|0	0|0	1|1	1|0	1|1	1|0	0|0	1|1	1|0	0|0	0|0	1|1	1|0	1|1	1|0	0|1	1|0	0|1	0|0	1|0	1|1	1|0	1|1	1|0	0|1	1|1	0|0	1|0	1|0	0|0	0|1	0|1	1|0	0|1	1|0	1|1	0|0	1|1	1|1	1|1	0|1	0|0	0|0	1|1	1|0	1|1	1|1	1|1	1|1	0|0	0|0	1|1	0|0	1|0	1|1	1|1	1|1	0|0	1|1	1|1	1|0	1|1	1|1	1|1	0|1	0|0	0|0	1|1	0|0	1|1	0|1	0|0	0|0	0|0	1|1	0|1	1|0	1|1	1|0	0|0	1|1	1|1	0|1	0|0	1|0	1|1	1|1	0|1	0|0	0|1	1|0	1|0	0|1	0|0	1|1	1|0	0|0	1|0	0|1	0|0	0|1	1|1	1|1	0|0	1|1	0|1	1|1	0|1	0|0	1|1	0|1	1|1	0|0	1|1	1|1	0|0	0|1	1|0	0|0	1|0	0|1	0|0	1|0	1|1	0|0	0|0	1|0	1|1	1|1	1|1	0|1	0|1	0|1	1|1	0|1	0|1	0|0	1|0	0|1	1|1	1|1	0|1	1|0	0|0	1|0	0|0	0|1	1|1	0|0	1|1	0|0	1|0	0|1	1|1	0|1	0|0	0|0	0|0	0|1	0|0	0|1	0|0	0|1	1|0	1|0	0|0	1|1	0|1	1|1	1|0	0|0	0|0	0|0	1|0	1|0	1|1	1|1	1|0	0|0	0|0	0|0	1|1	1|1	1|1	0|0	1|1	1|1	0|0	0|1	1|1	0|1	1|1	0|1	1|0	1|0	0|0	1|0	0|0	0|1	0|0	0|0	1|1	1|1	1|1	0|1	1|1	1|0	1|0	1|1	1|1	0|0	0|0	1|0	0|1	0|0	0|0	0|0	0|1	0|1	0|1	1|1	0|0	1|1	1|1	0|1	0|0	0|0	1|1	0|1	0|0	1|1	1|1	1|1	1|1	1|0	1|0	0|0	0|0	1|1	0|1	1|1	0|1	1|0	1|1	0|0	1|1	1|0	1|1	0|0	TRUE	13000001	14000000	13000.001
9	28761797	9	9:28000001-29000000	Chr_9_28761797	G	A	TRUE	.	.	287	0.9893867924528302	0.01061320754716981	g33758-g33759	A|intergenic_region|MODIFIER|g33758-g33759|g33758-g33759|intergenic_region|g33758-g33759|||n.28761797G>A||||||	NA	4.34722	6.56432e-9	0.733776	Num_Stems	NA	GT	0|0	0|0	0|0	0|0	0|0	0|0	0|0	0|0	0|0	0|0	0|0	0|0	0|0	0|0	0|0	0|0	0|0	0|0	0|0	0|0	0|0	0|0	0|0	0|0	0|0	0|0	0|0	0|0	0|0	0|0	0|0	0|0	0|0	0|0	0|0	0|0	0|0	0|0	0|0	0|0	0|0	0|0	0|0	0|0	0|0	0|0	0|0	1|0	0|0	0|0	0|0	0|0	0|0	0|0	0|0	0|0	0|0	0|0	0|0	0|0	0|0	0|0	0|0	0|0	0|0	0|0	0|0	0|0	0|0	0|0	0|0	0|0	0|0	0|0	0|0	0|0	0|0	0|0	0|0	0|0	0|0	0|0	0|0	0|0	0|0	0|0	0|0	0|0	1|1	0|0	0|0	0|0	0|0	0|0	0|0	0|0	0|0	0|0	0|0	0|0	0|0	0|0	0|0	0|0	0|0	0|0	0|0	0|0	0|0	0|0	0|0	0|0	0|0	0|0	0|0	0|0	0|0	0|0	0|0	0|0	0|0	0|0	0|0	0|0	0|0	0|0	0|0	0|0	0|0	0|0	0|0	0|0	0|0	0|0	0|0	0|0	0|0	0|0	0|0	0|0	0|0	0|0	0|0	0|0	0|0	0|0	0|0	0|0	0|0	0|0	0|0	0|0	0|0	0|0	0|0	0|0	0|0	0|0	0|0	0|0	0|0	0|0	0|0	0|0	0|0	0|0	0|0	0|1	0|0	0|0	0|0	0|0	0|0	0|0	0|0	0|0	0|0	0|0	0|0	0|0	0|0	0|0	0|0	0|0	0|0	0|0	0|0	0|0	0|0	0|0	0|0	0|0	0|0	0|0	0|0	0|0	0|0	0|0	0|0	0|0	0|0	0|0	0|0	0|0	0|0	0|0	0|0	0|0	0|0	0|0	0|0	0|0	1|1	0|0	0|0	0|0	0|0	0|0	0|0	0|0	0|0	0|0	0|0	0|0	0|0	0|0	0|0	0|0	0|0	0|0	0|0	0|0	0|0	0|0	0|0	0|0	0|0	0|0	0|0	0|0	0|0	0|0	0|0	0|0	0|0	0|0	0|0	0|0	0|0	0|0	0|0	0|0	0|0	0|0	0|0	0|0	0|0	0|0	0|0	0|0	0|0	0|0	0|0	0|0	0|0	0|0	0|0	0|0	0|0	0|0	0|0	0|0	0|0	0|0	0|0	0|0	0|0	0|0	0|0	0|0	0|0	0|0	0|0	0|0	0|0	0|0	0|0	0|0	0|0	0|0	0|0	0|0	0|0	0|0	0|0	0|0	0|0	0|0	0|0	0|0	0|0	0|0	0|0	0|0	0|0	0|0	0|0	0|0	0|0	0|0	0|0	0|0	0|0	0|0	0|0	0|0	0|0	0|0	0|0	0|0	0|0	0|0	0|0	0|0	0|0	0|0	0|0	0|0	0|0	0|0	0|0	0|0	0|0	0|0	0|0	0|0	0|0	0|0	0|0	0|0	0|0	0|0	0|0	0|0	0|0	0|0	0|0	0|0	0|0	0|0	1|0	0|0	0|0	0|0	0|0	0|0	0|0	1|0	0|0	0|0	0|0	0|0	0|0	0|0	0|0	0|0	0|0	0|0	1|0	0|0	0|0	0|0	0|0	0|0	0|0	0|0	0|0	0|0	0|0	0|0	0|0	0|0	0|0	0|0	0|0	0|0	0|0	0|0	0|0	0|0	0|0	0|0	0|0	0|0	0|0	0|0	0|0	0|0	0|0	0|0	0|0	0|0	0|0	0|0	0|0	0|0	0|0	0|0	0|0	0|0	0|0	0|0	0|0	0|0	0|0	0|0	0|0	0|0	0|0	0|0	0|0	0|0	0|0	0|0	TRUE	28000001	29000000	28000.001
9	29630052	10	9:29000001-30000000	Chr_9_29630052	G	A	TRUE	.	.	296	0.9893867924528302	0.01061320754716981	g33823	A|stop_gained|HIGH|g33823|g33823|transcript|g33823.t1|protein_coding|5/6|c.403C>T|p.Arg135*|403/558|403/558|135/185||	NA	4.18781	2.39212e-8	0.735954	Num_Stems	NA	GT	0|0	0|0	0|0	0|0	0|0	0|0	0|0	0|0	0|0	0|0	0|0	0|0	0|0	0|0	0|0	0|0	0|0	0|0	0|0	0|0	0|0	0|0	0|0	0|0	0|0	0|0	0|0	0|0	0|0	0|0	0|0	0|0	0|0	0|0	0|0	0|0	0|0	0|0	0|0	0|0	0|0	0|0	0|0	0|0	0|0	0|0	0|0	0|1	0|0	0|0	0|0	0|0	0|0	0|0	0|0	0|0	0|0	0|0	0|0	0|0	0|0	0|0	0|0	0|0	0|0	0|0	0|0	0|0	0|0	0|0	0|0	0|0	0|0	0|0	0|0	0|0	0|0	0|0	0|0	0|0	0|0	0|0	0|0	0|0	0|0	0|0	0|0	0|0	1|1	0|0	0|0	0|0	0|0	0|0	0|0	0|0	0|0	0|0	0|0	0|0	0|0	0|0	0|0	0|0	0|0	0|0	0|0	0|0	0|0	0|0	0|0	0|0	0|0	0|0	0|0	0|0	0|0	0|0	0|0	0|0	0|0	0|0	0|0	0|0	0|0	0|0	0|0	0|0	0|0	0|0	0|0	0|0	0|0	0|0	0|0	0|0	0|0	0|0	0|0	0|0	0|0	0|0	0|0	0|0	0|0	0|0	0|0	0|0	0|0	0|0	0|0	0|0	0|0	0|0	0|0	0|0	0|0	0|0	0|0	0|0	0|0	0|0	0|0	0|0	0|0	0|0	0|0	1|0	0|0	0|0	0|0	0|0	0|0	0|0	0|0	0|0	0|0	0|0	0|0	0|0	0|0	0|0	0|0	0|0	0|0	0|0	0|0	0|0	0|0	0|0	0|0	0|0	0|0	0|0	0|0	0|0	0|0	0|0	0|0	0|0	0|0	0|0	0|0	0|0	0|0	0|0	0|0	0|0	0|0	0|0	0|0	0|0	1|1	0|0	0|0	0|0	0|0	0|0	0|0	0|0	0|0	0|0	0|0	0|0	0|0	0|0	0|0	0|0	0|0	0|0	0|0	0|0	0|0	0|0	0|0	0|0	0|0	0|0	0|0	0|0	0|0	0|0	0|0	0|0	0|0	0|0	0|0	0|0	0|0	0|0	0|0	0|0	0|0	0|0	0|0	0|0	0|0	0|0	0|0	0|0	0|0	0|0	0|0	0|0	0|0	0|0	0|0	0|0	0|0	0|0	0|0	0|0	0|0	0|0	0|0	1|0	0|0	0|0	0|0	0|0	0|0	0|0	0|0	0|0	0|0	0|0	0|0	0|0	0|0	0|0	0|0	0|0	0|0	0|0	0|0	0|0	0|0	0|0	0|0	0|0	0|0	0|0	0|0	0|0	0|0	0|0	0|0	0|0	0|0	0|0	0|0	0|0	0|0	0|0	0|0	0|0	0|0	0|0	0|0	0|0	0|0	0|0	0|0	0|0	0|0	0|0	0|0	0|0	0|0	0|0	0|0	0|0	0|0	0|0	0|0	0|0	0|0	0|0	0|0	0|0	0|0	0|0	0|0	0|0	0|0	0|0	0|0	0|0	0|0	0|0	0|0	0|0	0|0	0|0	0|0	0|0	0|0	0|1	0|0	0|0	0|0	0|0	0|0	0|0	0|0	0|0	0|0	0|0	1|0	0|0	0|0	0|0	0|0	0|0	0|0	0|0	0|0	0|0	0|0	0|0	0|0	0|0	0|0	0|0	0|0	0|0	0|0	0|0	0|0	0|0	0|0	0|0	0|0	0|0	0|0	0|0	0|0	0|0	0|0	0|0	0|0	0|0	0|0	0|0	0|0	0|0	0|0	0|0	0|0	0|0	0|0	0|0	0|0	0|0	0|0	0|0	0|0	0|0	0|0	0|0	0|0	0|0	0|0	0|0	TRUE	29000001	30000000	29000.001
9	53789822	11	9:53000001-54000000	Chr_9_53789822	A	T	TRUE	.	.	537	0.9882075471698113	0.01179245283018868	g35152	T|downstream_gene_variant|MODIFIER|g35152|g35152|transcript|g35152.t1|protein_coding||c.*3298A>T|||||3298|	T|intergenic_region|MODIFIER|g35152-g35153|g35152-g35153|intergenic_region|g35152-g35153|||n.53789822A>T||||||	4.39765	3.61585e-8	0.783354	Num_Stems	NA	GT	0|1	0|1	0|0	0|0	0|0	0|0	0|0	0|0	0|0	0|0	0|0	0|0	0|0	0|0	0|0	0|0	0|0	0|0	0|0	0|0	0|0	0|0	0|0	0|0	0|0	0|0	0|0	0|0	0|0	0|0	0|0	0|0	0|0	0|0	0|0	0|0	0|0	0|0	0|0	0|0	0|0	0|0	0|0	0|0	0|0	0|0	0|0	0|0	0|0	0|0	0|0	0|0	0|0	0|0	0|0	0|0	0|0	0|0	0|0	0|0	0|0	0|0	0|0	0|0	0|0	0|0	0|0	0|0	0|0	0|0	0|0	0|0	0|0	0|0	0|0	0|0	0|0	0|0	0|0	0|0	0|0	0|0	0|0	0|0	0|0	0|0	0|0	0|0	1|1	0|0	0|0	0|0	0|0	0|0	0|0	0|0	0|0	0|0	0|0	0|0	0|0	0|0	0|0	0|0	0|0	0|0	0|0	0|0	0|0	0|0	0|0	0|0	0|0	0|0	0|0	0|0	0|0	0|0	0|0	0|0	0|0	0|0	0|0	0|0	0|0	0|0	0|0	0|0	0|0	0|0	0|0	0|0	0|0	0|0	0|0	0|0	0|0	0|0	0|0	0|0	0|0	0|0	0|0	0|0	0|0	0|0	0|0	0|0	0|0	0|0	0|0	0|0	1|0	0|0	0|0	0|1	0|0	0|0	0|0	0|0	0|0	0|0	0|1	0|0	0|1	0|0	0|0	0|0	0|0	0|0	0|0	0|0	0|0	0|0	0|0	0|0	0|0	0|0	0|0	0|0	0|0	0|0	0|0	0|0	0|0	0|0	0|0	0|0	0|1	0|0	0|0	0|0	0|0	0|0	0|0	0|0	0|0	0|0	0|0	0|0	0|0	0|0	0|0	0|0	0|0	0|0	0|0	0|0	1|0	0|0	0|0	0|0	0|0	0|0	0|0	0|0	0|0	0|0	0|0	0|0	0|0	0|0	0|0	0|0	0|0	0|0	0|0	0|0	0|0	0|0	0|0	0|0	0|0	0|0	0|0	0|0	0|0	0|0	0|0	0|0	0|0	0|0	0|0	0|0	0|0	0|0	0|0	0|0	0|0	0|0	0|0	0|0	0|0	0|0	0|0	0|0	0|0	0|0	0|0	0|0	0|0	0|0	0|0	0|0	0|0	0|0	0|0	0|0	0|0	0|0	0|0	0|0	0|0	0|0	0|0	0|0	0|0	0|0	0|0	0|0	0|0	0|0	0|0	0|0	0|0	0|0	0|0	0|0	0|0	0|0	0|0	0|0	0|0	0|0	0|0	0|0	0|0	0|0	0|0	0|0	0|0	0|0	0|0	0|0	0|0	0|0	0|0	0|0	0|0	0|0	0|0	0|0	0|0	0|0	0|0	0|0	0|0	0|0	0|0	0|0	0|0	0|0	0|0	0|0	0|0	0|0	0|0	0|0	0|0	0|0	0|0	0|0	0|0	0|0	0|0	0|0	0|0	0|0	0|0	0|0	0|0	0|0	0|0	0|0	0|0	0|0	0|0	0|0	0|0	0|0	0|0	0|0	0|0	0|0	0|0	0|0	0|0	0|0	0|0	0|0	0|0	0|0	0|0	0|0	0|0	0|0	0|0	0|0	0|0	0|0	0|0	0|0	0|0	0|0	0|0	0|0	0|0	0|0	0|0	0|0	0|0	0|0	0|0	0|0	0|0	0|0	0|0	0|0	0|0	0|0	0|0	0|0	0|0	0|0	0|0	0|0	0|0	0|0	0|0	0|0	0|0	0|0	0|0	0|0	0|0	0|0	0|0	0|0	0|0	0|0	0|0	0|0	0|0	0|0	0|0	0|0	0|0	0|0	0|0	0|0	0|0	0|0	0|0	0|0	TRUE	53000001	54000000	53000.001
