Boltonia_001	Pop_01
Boltonia_002	Pop_01
Boltonia_005	Pop_11
Boltonia_006	Pop_10
Boltonia_007	Pop_13
Boltonia_008	Pop_03
Boltonia_009	Pop_04
Boltonia_012	Pop_04
Boltonia_013	Pop_16
Boltonia_014	Pop_11
Boltonia_015	Pop_17
Boltonia_016	Pop_03
Boltonia_017	Pop_10
Boltonia_019	Pop_08
Boltonia_020	Pop_15
Boltonia_021	Pop_12
Boltonia_022	Pop_07
Boltonia_023	Pop_10
Boltonia_024	Pop_17
Boltonia_025	Pop_08
Boltonia_026	Pop_14
Boltonia_027	Pop_04
Boltonia_028	Pop_14
Boltonia_029	Pop_15
Boltonia_030	Pop_13
Boltonia_031	Pop_06
Boltonia_032	Pop_05
Boltonia_033	Pop_16
Boltonia_034	Pop_02
Boltonia_035	Pop_01
Boltonia_036	Pop_01
Boltonia_037	Pop_13
Boltonia_038	Pop_05
Boltonia_040	Pop_14
Boltonia_042	Pop_02
Boltonia_043	Pop_11
Boltonia_044	Pop_07
Boltonia_045	Pop_10
Boltonia_046	Pop_08
Boltonia_047	Pop_05
Boltonia_048	Pop_08
Boltonia_050	Pop_06
Boltonia_051	Pop_03
Boltonia_052	Pop_03
Boltonia_053	Pop_17
Boltonia_054	Pop_14
Boltonia_055	Pop_10
Boltonia_056	Pop_17
Boltonia_057	Pop_17
Boltonia_058	Pop_04
Boltonia_059	Pop_06
Boltonia_060	Pop_17
Boltonia_061	Pop_11
Boltonia_062	Pop_10
Boltonia_063	Pop_15
Boltonia_064	Pop_01
Boltonia_065	Pop_17
Boltonia_066	Pop_16
Boltonia_067	Pop_04
Boltonia_070	Pop_13
Boltonia_071	Pop_06
Boltonia_072	Pop_02
Boltonia_073	Pop_16
Boltonia_074	Pop_12
Boltonia_075	Pop_05
Boltonia_076	Pop_06
Boltonia_077	Pop_15
Boltonia_078	Pop_09
Boltonia_079	Pop_08
Boltonia_080	Pop_15
Boltonia_081	Pop_17
Boltonia_083	Pop_04
Boltonia_084	Pop_08
Boltonia_085	Pop_15
Boltonia_086	Pop_05
Boltonia_087	Pop_16
Boltonia_088	Pop_10
Boltonia_089	Pop_16
Boltonia_090	Pop_16
Boltonia_091	Pop_04
Boltonia_092	Pop_11
Boltonia_093	Pop_12
Boltonia_094	Pop_05
Boltonia_095	Pop_12
Boltonia_096	Pop_06
Boltonia_097	Pop_09
Boltonia_098	Pop_14
Boltonia_099	Pop_12
Boltonia_100	Pop_11
Boltonia_101	Pop_08
Boltonia_103	Pop_04
Boltonia_105	Pop_14
Boltonia_106	Pop_11
Boltonia_107	Pop_15
Boltonia_108	Pop_14
Boltonia_109	Pop_06
Boltonia_110	Pop_10
Boltonia_111	Pop_12
Boltonia_112	Pop_12
Boltonia_113	Pop_10
Boltonia_114	Pop_01
Boltonia_115	Pop_09
Boltonia_116	Pop_14
Boltonia_117	Pop_12
Boltonia_118	Pop_08
Boltonia_119	Pop_08
Boltonia_120	Pop_10
Boltonia_121	Pop_10
Boltonia_123	Pop_15
Boltonia_124	Pop_15
Boltonia_125	Pop_16
Boltonia_126	Pop_13
Boltonia_127	Pop_03
Boltonia_128	Pop_13
Boltonia_129	Pop_08
Boltonia_130	Pop_16
Boltonia_131	Pop_17
Boltonia_132	Pop_16
Boltonia_133	Pop_08
Boltonia_134	Pop_17
Boltonia_135	Pop_16
Boltonia_136	Pop_05
Boltonia_137	Pop_16
Boltonia_138	Pop_08
Boltonia_139	Pop_02
Boltonia_140	Pop_09
Boltonia_142	Pop_15
Boltonia_143	Pop_17
Boltonia_144	Pop_05
Boltonia_145	Pop_03
Boltonia_146	Pop_05
Boltonia_147	Pop_12
Boltonia_150	Pop_15
Boltonia_151	Pop_05
Boltonia_152	Pop_08
Boltonia_153	Pop_03
Boltonia_154	Pop_17
Boltonia_155	Pop_01
Boltonia_157	Pop_09
Boltonia_158	Pop_11
Boltonia_159	Pop_12
Boltonia_160	Pop_05
Boltonia_161	Pop_14
Boltonia_162	Pop_09
Boltonia_163	Pop_16
Boltonia_164	Pop_08
Boltonia_165	Pop_02
Boltonia_167	Pop_08
Boltonia_168	Pop_13
Boltonia_169	Pop_01
Boltonia_170	Pop_15
Boltonia_171	Pop_04
Boltonia_172	Pop_11
Boltonia_173	Pop_07
Boltonia_174	Pop_08
Boltonia_175	Pop_14
Boltonia_176	Pop_01
Boltonia_177	Pop_14
Boltonia_178	Pop_01
Boltonia_179	Pop_11
Boltonia_180	Pop_16
Boltonia_181	Pop_14
Boltonia_182	Pop_17
Boltonia_183	Pop_07
Boltonia_184	Pop_02
Boltonia_185	Pop_15
Boltonia_186	Pop_13
Boltonia_187	Pop_08
Boltonia_188	Pop_08
Boltonia_189	Pop_12
Boltonia_190	Pop_04
Boltonia_191	Pop_16
Boltonia_192	Pop_05
Boltonia_193	Pop_10
Boltonia_194	Pop_07
Boltonia_195	Pop_16
Boltonia_196	Pop_01
Boltonia_197	Pop_09
Boltonia_198	Pop_06
Boltonia_200	Pop_06
Boltonia_202	Pop_12
Boltonia_203	Pop_02
Boltonia_205	Pop_17
Boltonia_207	Pop_12
Boltonia_208	Pop_16
Boltonia_209	Pop_17
Boltonia_210	Pop_04
Boltonia_211	Pop_03
Boltonia_212	Pop_08
Boltonia_213	Pop_03
Boltonia_214	Pop_02
Boltonia_215	Pop_10
Boltonia_217	Pop_15
Boltonia_218	Pop_04
Boltonia_220	Pop_08
Boltonia_221	Pop_16
Boltonia_222	Pop_13
Boltonia_224	Pop_05
Boltonia_225	Pop_04
Boltonia_226	Pop_01
Boltonia_227	Pop_11
Boltonia_228	Pop_16
Boltonia_229	Pop_14
Boltonia_230	Pop_14
Boltonia_231	Pop_12
Boltonia_232	Pop_15
Boltonia_233	Pop_17
Boltonia_234	Pop_09
Boltonia_235	Pop_08
Boltonia_236	Pop_05
Boltonia_237	Pop_09
Boltonia_238	Pop_09
Boltonia_239	Pop_09
Boltonia_240	Pop_13
Boltonia_241	Pop_12
Boltonia_242	Pop_09
Boltonia_243	Pop_12
Boltonia_244	Pop_06
Boltonia_245	Pop_06
Boltonia_246	Pop_11
Boltonia_247	Pop_03
Boltonia_248	Pop_03
Boltonia_249	Pop_13
Boltonia_250	Pop_04
Boltonia_251	Pop_05
Boltonia_253	Pop_08
Boltonia_254	Pop_05
Boltonia_255	Pop_01
Boltonia_256	Pop_05
Boltonia_257	Pop_15
Boltonia_258	Pop_17
Boltonia_259	Pop_04
Boltonia_260	Pop_07
Boltonia_261	Pop_03
Boltonia_263	Pop_14
Boltonia_264	Pop_04
Boltonia_265	Pop_08
Boltonia_267	Pop_04
Boltonia_268	Pop_16
Boltonia_269	Pop_15
Boltonia_270	Pop_12
Boltonia_271	Pop_11
Boltonia_272	Pop_08
Boltonia_273	Pop_06
Boltonia_274	Pop_11
Boltonia_275	Pop_15
Boltonia_276	Pop_13
Boltonia_277	Pop_05
Boltonia_278	Pop_05
Boltonia_279	Pop_04
Boltonia_280	Pop_17
Boltonia_281	Pop_03
Boltonia_282	Pop_17
Boltonia_283	Pop_01
Boltonia_284	Pop_05
Boltonia_285	Pop_08
Boltonia_286	Pop_05
Boltonia_287	Pop_08
Boltonia_288	Pop_04
Boltonia_289	Pop_10
Boltonia_290	Pop_15
Boltonia_291	Pop_16
Boltonia_293	Pop_05
Boltonia_294	Pop_16
Boltonia_295	Pop_05
Boltonia_296	Pop_13
Boltonia_298	Pop_03
Boltonia_299	Pop_16
Boltonia_301	Pop_13
Boltonia_302	Pop_09
Boltonia_303	Pop_02
Boltonia_304	Pop_15
Boltonia_305	Pop_12
Boltonia_306	Pop_10
Boltonia_307	Pop_09
Boltonia_308	Pop_03
Boltonia_309	Pop_13
Boltonia_310	Pop_13
Boltonia_311	Pop_11
Boltonia_312	Pop_11
Boltonia_313	Pop_12
Boltonia_315	Pop_13
Boltonia_316	Pop_16
Boltonia_317	Pop_14
Boltonia_318	Pop_12
Boltonia_320	Pop_04
Boltonia_321	Pop_01
Boltonia_322	Pop_12
Boltonia_323	Pop_08
Boltonia_324	Pop_02
Boltonia_325	Pop_15
Boltonia_326	Pop_02
Boltonia_327	Pop_05
Boltonia_329	Pop_16
Boltonia_330	Pop_15
Boltonia_331	Pop_13
Boltonia_332	Pop_17
Boltonia_334	Pop_12
Boltonia_335	Pop_04
Boltonia_336	Pop_05
Boltonia_337	Pop_11
Boltonia_338	Pop_15
Boltonia_339	Pop_11
Boltonia_341	Pop_10
Boltonia_342	Pop_15
Boltonia_343	Pop_05
Boltonia_344	Pop_16
Boltonia_345	Pop_17
Boltonia_349	Pop_05
Boltonia_351	Pop_05
Boltonia_352	Pop_14
Boltonia_353	Pop_17
Boltonia_354	Pop_14
Boltonia_355	Pop_11
Boltonia_356	Pop_04
Boltonia_358	Pop_06
Boltonia_359	Pop_03
Boltonia_360	Pop_04
Boltonia_361	Pop_04
Boltonia_362	Pop_16
Boltonia_363	Pop_06
Boltonia_365	Pop_17
Boltonia_366	Pop_13
Boltonia_367	Pop_04
Boltonia_368	Pop_01
Boltonia_370	Pop_15
Boltonia_372	Pop_09
Boltonia_373	Pop_05
Boltonia_374	Pop_10
Boltonia_376	Pop_05
Boltonia_377	Pop_08
Boltonia_378	Pop_07
Boltonia_379	Pop_12
Boltonia_380	Pop_06
Boltonia_381	Pop_06
Boltonia_383	Pop_14
Boltonia_384	Pop_04
Boltonia_385	Pop_05
Boltonia_386	Pop_17
Boltonia_387	Pop_09
Boltonia_388	Pop_10
Boltonia_389	Pop_14
Boltonia_390	Pop_10
Boltonia_392	Pop_05
Boltonia_393	Pop_15
Boltonia_395	Pop_16
Boltonia_396	Pop_01
Boltonia_397	Pop_10
Boltonia_398	Pop_08
Boltonia_399	Pop_16
Boltonia_400	Pop_10
Boltonia_401	Pop_14
Boltonia_402	Pop_12
Boltonia_403	Pop_09
Boltonia_404	Pop_13
Boltonia_405	Pop_05
Boltonia_408	Pop_10
Boltonia_409	Pop_13
Boltonia_411	Pop_12
Boltonia_412	Pop_09
Boltonia_413	Pop_16
Boltonia_415	Pop_16
Boltonia_417	Pop_07
Boltonia_418	Pop_03
Boltonia_420	Pop_09
Boltonia_421	Pop_08
Boltonia_422	Pop_03
Boltonia_423	Pop_03
Boltonia_424	Pop_04
Boltonia_425	Pop_06
Boltonia_426	Pop_13
Boltonia_427	Pop_10
Boltonia_428	Pop_09
Boltonia_429	Pop_06
Boltonia_430	Pop_04
Boltonia_431	Pop_11
Boltonia_432	Pop_10
Boltonia_433	Pop_06
Boltonia_434	Pop_10
Boltonia_435	Pop_04
Boltonia_436	Pop_05
Boltonia_437	Pop_13
Boltonia_438	Pop_08
Boltonia_441	Pop_04
Boltonia_442	Pop_04
Boltonia_443	Pop_03
Boltonia_444	Pop_06
Boltonia_445	Pop_17
Boltonia_446	Pop_03
Boltonia_448	Pop_04
Boltonia_449	Pop_14
Boltonia_453	Pop_04
Boltonia_455	Pop_06
Boltonia_456	Pop_04
Boltonia_457	Pop_03
Boltonia_458	Pop_14
Boltonia_459	Pop_13
Boltonia_460	Pop_05
Boltonia_461	Pop_01
Boltonia_463	Pop_06
Boltonia_465	Pop_09
Boltonia_466	Pop_01
Boltonia_467	Pop_03
Boltonia_468	Pop_04
