ID	chr	POSITION
Chr_1_2896879	1	2896879
Chr_1_2896889	1	2896889
Chr_1_2908444	1	2908444
Chr_1_2908451	1	2908451
Chr_1_2908462	1	2908462
Chr_1_2908498	1	2908498
Chr_1_2908509	1	2908509
Chr_1_2912222	1	2912222
Chr_1_2912477	1	2912477
Chr_1_2912493	1	2912493
Chr_1_2914541	1	2914541
Chr_1_2915317	1	2915317
Chr_1_3531790	1	3531790
Chr_1_3531918	1	3531918
Chr_1_3532071	1	3532071
Chr_1_3707061	1	3707061
Chr_1_3709037	1	3709037
Chr_1_3709165	1	3709165
Chr_1_3709171	1	3709171
Chr_1_3709575	1	3709575
Chr_1_3709595	1	3709595
Chr_1_3709784	1	3709784
Chr_1_3785596	1	3785596
Chr_1_3785645	1	3785645
Chr_1_5015180	1	5015180
Chr_1_5015612	1	5015612
Chr_1_5017301	1	5017301
Chr_1_5023942	1	5023942
Chr_1_5024385	1	5024385
Chr_1_5025484	1	5025484
Chr_1_5025822	1	5025822
Chr_1_5025824	1	5025824
Chr_1_5025828	1	5025828
Chr_1_5025872	1	5025872
Chr_1_5026255	1	5026255
Chr_1_5029022	1	5029022
Chr_1_5029083	1	5029083
Chr_1_5029272	1	5029272
Chr_1_5030507	1	5030507
Chr_1_5030991	1	5030991
Chr_1_5030992	1	5030992
Chr_1_5031107	1	5031107
Chr_1_5031270	1	5031270
Chr_1_5031409	1	5031409
Chr_1_5033306	1	5033306
Chr_1_5033368	1	5033368
Chr_1_5033397	1	5033397
Chr_1_5033446	1	5033446
Chr_1_5033516	1	5033516
Chr_1_5033520	1	5033520
Chr_1_5058735	1	5058735
Chr_1_5064067	1	5064067
Chr_1_5064290	1	5064290
Chr_1_5064332	1	5064332
Chr_1_5064355	1	5064355
Chr_1_5065871	1	5065871
Chr_1_5070046	1	5070046
Chr_1_5090880	1	5090880
Chr_1_5092650	1	5092650
Chr_1_5092769	1	5092769
Chr_1_5092865	1	5092865
Chr_1_5092869	1	5092869
Chr_1_5093004	1	5093004
Chr_1_5093503	1	5093503
Chr_1_5094234	1	5094234
Chr_1_5094273	1	5094273
Chr_1_5094303	1	5094303
Chr_1_5094422	1	5094422
Chr_1_5094602	1	5094602
Chr_1_5094693	1	5094693
Chr_1_5176492	1	5176492
Chr_1_5482606	1	5482606
Chr_1_5482991	1	5482991
Chr_1_5483256	1	5483256
Chr_1_5483399	1	5483399
Chr_1_5483613	1	5483613
Chr_1_5484543	1	5484543
Chr_1_5484551	1	5484551
Chr_1_5484804	1	5484804
Chr_1_5484858	1	5484858
Chr_1_5484879	1	5484879
Chr_1_5484903	1	5484903
Chr_1_5484952	1	5484952
Chr_1_5484971	1	5484971
Chr_1_5484991	1	5484991
Chr_1_5485032	1	5485032
Chr_1_5485059	1	5485059
Chr_1_5485474	1	5485474
Chr_1_5485684	1	5485684
Chr_1_5485812	1	5485812
Chr_1_5485831	1	5485831
Chr_1_5497470	1	5497470
Chr_1_5500406	1	5500406
Chr_1_5501709	1	5501709
Chr_1_5502017	1	5502017
Chr_1_5502038	1	5502038
Chr_1_5502059	1	5502059
Chr_1_5502141	1	5502141
Chr_1_5507083	1	5507083
Chr_1_5661085	1	5661085
Chr_1_5661413	1	5661413
Chr_1_5662451	1	5662451
Chr_1_5748178	1	5748178
Chr_1_5748819	1	5748819
Chr_1_5748820	1	5748820
Chr_1_5748849	1	5748849
Chr_1_5748850	1	5748850
Chr_1_5748851	1	5748851
Chr_1_5748914	1	5748914
Chr_1_5748938	1	5748938
Chr_1_5748965	1	5748965
Chr_1_5749046	1	5749046
Chr_1_5749055	1	5749055
Chr_1_5749086	1	5749086
Chr_1_5749115	1	5749115
Chr_1_5749124	1	5749124
Chr_1_5749128	1	5749128
Chr_1_5749228	1	5749228
Chr_1_5749244	1	5749244
Chr_1_5749306	1	5749306
Chr_1_5749310	1	5749310
Chr_1_5749318	1	5749318
Chr_1_5749345	1	5749345
Chr_1_5749418	1	5749418
Chr_1_5751304	1	5751304
Chr_1_5751315	1	5751315
Chr_1_5775336	1	5775336
Chr_1_5776325	1	5776325
Chr_1_5776400	1	5776400
Chr_1_5781727	1	5781727
Chr_1_5794125	1	5794125
Chr_1_5815667	1	5815667
Chr_1_5877856	1	5877856
Chr_1_8596768	1	8596768
Chr_1_8680849	1	8680849
Chr_1_8684675	1	8684675
Chr_1_8684957	1	8684957
Chr_1_8696736	1	8696736
Chr_1_8696951	1	8696951
Chr_1_8697639	1	8697639
Chr_1_8698375	1	8698375
Chr_1_8698472	1	8698472
Chr_1_8698484	1	8698484
Chr_1_8698767	1	8698767
Chr_1_8698996	1	8698996
Chr_1_8699040	1	8699040
Chr_1_8699409	1	8699409
Chr_1_8699464	1	8699464
Chr_1_8744694	1	8744694
Chr_1_8744990	1	8744990
Chr_1_8745050	1	8745050
Chr_1_8746971	1	8746971
Chr_1_8962849	1	8962849
Chr_1_9208005	1	9208005
Chr_1_9487680	1	9487680
Chr_1_9573470	1	9573470
Chr_1_10551724	1	10551724
Chr_1_11827685	1	11827685
Chr_1_11877230	1	11877230
Chr_1_12627545	1	12627545
Chr_1_13019998	1	13019998
Chr_1_13446338	1	13446338
Chr_1_13550950	1	13550950
Chr_1_13868529	1	13868529
Chr_1_13871377	1	13871377
Chr_1_13871786	1	13871786
Chr_1_13897140	1	13897140
Chr_1_14144625	1	14144625
Chr_1_14752046	1	14752046
Chr_1_14771329	1	14771329
Chr_1_14815835	1	14815835
Chr_1_14816984	1	14816984
Chr_1_14817970	1	14817970
Chr_1_14825592	1	14825592
Chr_1_14826606	1	14826606
Chr_1_14827290	1	14827290
Chr_1_14827387	1	14827387
Chr_1_14831373	1	14831373
Chr_1_14833816	1	14833816
Chr_1_14839347	1	14839347
Chr_1_14842475	1	14842475
Chr_1_14846881	1	14846881
Chr_1_14848637	1	14848637
Chr_1_14849120	1	14849120
Chr_1_14849346	1	14849346
Chr_1_14851258	1	14851258
Chr_1_14851530	1	14851530
Chr_1_14854240	1	14854240
Chr_1_14855523	1	14855523
Chr_1_14857125	1	14857125
Chr_1_14858612	1	14858612
Chr_1_14859129	1	14859129
Chr_1_14864841	1	14864841
Chr_1_14870852	1	14870852
Chr_1_14878730	1	14878730
Chr_1_14880732	1	14880732
Chr_1_14880772	1	14880772
Chr_1_14883826	1	14883826
Chr_1_14884308	1	14884308
Chr_1_14955322	1	14955322
Chr_1_14955643	1	14955643
Chr_1_14955708	1	14955708
Chr_1_14955723	1	14955723
Chr_1_14957576	1	14957576
Chr_1_15430682	1	15430682
Chr_1_15433094	1	15433094
Chr_1_16544989	1	16544989
Chr_1_16545103	1	16545103
Chr_1_16545167	1	16545167
Chr_1_16545748	1	16545748
Chr_1_16546078	1	16546078
Chr_1_16546206	1	16546206
Chr_1_16546215	1	16546215
Chr_1_16546219	1	16546219
Chr_1_17864956	1	17864956
Chr_1_17866058	1	17866058
Chr_1_17866485	1	17866485
Chr_1_17866772	1	17866772
Chr_1_17880065	1	17880065
Chr_1_17880068	1	17880068
Chr_1_17880082	1	17880082
Chr_1_17880093	1	17880093
Chr_1_17880167	1	17880167
Chr_1_17897519	1	17897519
Chr_1_17897527	1	17897527
Chr_1_17897544	1	17897544
Chr_1_17897609	1	17897609
Chr_1_17897728	1	17897728
Chr_1_17898906	1	17898906
Chr_1_17898907	1	17898907
Chr_1_17898911	1	17898911
Chr_1_17898923	1	17898923
Chr_1_17899230	1	17899230
Chr_1_17899955	1	17899955
Chr_1_17900041	1	17900041
Chr_1_17900083	1	17900083
Chr_1_17900331	1	17900331
Chr_1_17900438	1	17900438
Chr_1_17900464	1	17900464
Chr_1_17900697	1	17900697
Chr_1_17900966	1	17900966
Chr_1_17901002	1	17901002
Chr_1_17901171	1	17901171
Chr_1_17901344	1	17901344
Chr_1_17902438	1	17902438
Chr_1_17902441	1	17902441
Chr_1_17902442	1	17902442
Chr_1_17902477	1	17902477
Chr_1_17902481	1	17902481
Chr_1_17902482	1	17902482
Chr_1_17902573	1	17902573
Chr_1_17902705	1	17902705
Chr_1_17902714	1	17902714
Chr_1_17902721	1	17902721
Chr_1_17902952	1	17902952
Chr_1_17903170	1	17903170
Chr_1_17903189	1	17903189
Chr_1_17903217	1	17903217
Chr_1_17903268	1	17903268
Chr_1_17903289	1	17903289
Chr_1_17904881	1	17904881
Chr_1_17931940	1	17931940
Chr_1_17935731	1	17935731
Chr_1_17935747	1	17935747
Chr_1_17937490	1	17937490
Chr_1_17942048	1	17942048
Chr_1_17942058	1	17942058
Chr_1_17942148	1	17942148
Chr_1_17942413	1	17942413
Chr_1_17942446	1	17942446
Chr_1_17942489	1	17942489
Chr_1_17942517	1	17942517
Chr_1_17942811	1	17942811
Chr_1_17942858	1	17942858
Chr_1_17942929	1	17942929
Chr_1_17943254	1	17943254
Chr_1_17943260	1	17943260
Chr_1_17943276	1	17943276
Chr_1_17943277	1	17943277
Chr_1_17943324	1	17943324
Chr_1_17944295	1	17944295
Chr_1_17944801	1	17944801
Chr_1_17945002	1	17945002
Chr_1_17945022	1	17945022
Chr_1_17945195	1	17945195
Chr_1_17945253	1	17945253
Chr_1_17945397	1	17945397
Chr_1_17945687	1	17945687
Chr_1_17945790	1	17945790
Chr_1_17945954	1	17945954
Chr_1_17946001	1	17946001
Chr_1_17946006	1	17946006
Chr_1_17946032	1	17946032
Chr_1_17946047	1	17946047
Chr_1_17946049	1	17946049
Chr_1_17946089	1	17946089
Chr_1_17946176	1	17946176
Chr_1_17946313	1	17946313
Chr_1_17946339	1	17946339
Chr_1_17946522	1	17946522
Chr_1_17947174	1	17947174
Chr_1_17947190	1	17947190
Chr_1_17947525	1	17947525
Chr_1_17964775	1	17964775
Chr_1_17964791	1	17964791
Chr_1_17964795	1	17964795
Chr_1_17964796	1	17964796
Chr_1_17964816	1	17964816
Chr_1_17964837	1	17964837
Chr_1_17964885	1	17964885
Chr_1_17964892	1	17964892
Chr_1_17964907	1	17964907
Chr_1_17964910	1	17964910
Chr_1_17964942	1	17964942
Chr_1_17964999	1	17964999
Chr_1_17965013	1	17965013
Chr_1_17965026	1	17965026
Chr_1_17965029	1	17965029
Chr_1_17965109	1	17965109
Chr_1_17965157	1	17965157
Chr_1_17965178	1	17965178
Chr_1_17965228	1	17965228
Chr_1_17965241	1	17965241
Chr_1_17965265	1	17965265
Chr_1_17965269	1	17965269
Chr_1_17965298	1	17965298
Chr_1_17965308	1	17965308
Chr_1_17965330	1	17965330
Chr_1_17965380	1	17965380
Chr_1_17967445	1	17967445
Chr_1_17967585	1	17967585
Chr_1_17971852	1	17971852
Chr_1_17972255	1	17972255
Chr_1_17974269	1	17974269
Chr_1_17974270	1	17974270
Chr_1_17974706	1	17974706
Chr_1_17974758	1	17974758
Chr_1_17975176	1	17975176
Chr_1_17976743	1	17976743
Chr_1_17976861	1	17976861
Chr_1_17976891	1	17976891
Chr_1_17976949	1	17976949
Chr_1_17977029	1	17977029
Chr_1_17977095	1	17977095
Chr_1_18026293	1	18026293
Chr_1_18026626	1	18026626
Chr_1_18026760	1	18026760
Chr_1_18026863	1	18026863
Chr_1_18027062	1	18027062
Chr_1_18041584	1	18041584
Chr_1_18043157	1	18043157
Chr_1_18043171	1	18043171
Chr_1_18043201	1	18043201
Chr_1_18043306	1	18043306
Chr_1_18043320	1	18043320
Chr_1_18043340	1	18043340
Chr_1_18043369	1	18043369
Chr_1_18043370	1	18043370
Chr_1_18045836	1	18045836
Chr_1_18045880	1	18045880
Chr_1_18045913	1	18045913
Chr_1_18045944	1	18045944
Chr_1_18045957	1	18045957
Chr_1_18048231	1	18048231
Chr_1_18048265	1	18048265
Chr_1_18048582	1	18048582
Chr_1_18049452	1	18049452
Chr_1_18049589	1	18049589
Chr_1_18049596	1	18049596
Chr_1_18049686	1	18049686
Chr_1_18049871	1	18049871
Chr_1_18049945	1	18049945
Chr_1_18049949	1	18049949
Chr_1_18049974	1	18049974
Chr_1_18068136	1	18068136
Chr_1_18068142	1	18068142
Chr_1_18068170	1	18068170
Chr_1_18068664	1	18068664
Chr_1_18069648	1	18069648
Chr_1_18074166	1	18074166
Chr_1_18075690	1	18075690
Chr_1_18075693	1	18075693
Chr_1_18081320	1	18081320
Chr_1_18081361	1	18081361
Chr_1_18081515	1	18081515
Chr_1_18084604	1	18084604
Chr_1_18085006	1	18085006
Chr_1_18085031	1	18085031
Chr_1_18085122	1	18085122
Chr_1_18085317	1	18085317
Chr_1_18086301	1	18086301
Chr_1_18086307	1	18086307
Chr_1_18087719	1	18087719
Chr_1_18087909	1	18087909
Chr_1_18087910	1	18087910
Chr_1_18088729	1	18088729
Chr_1_18088730	1	18088730
Chr_1_18088979	1	18088979
Chr_1_18089019	1	18089019
Chr_1_18089093	1	18089093
Chr_1_18089343	1	18089343
Chr_1_18089355	1	18089355
Chr_1_18089391	1	18089391
Chr_1_18102590	1	18102590
Chr_1_18102605	1	18102605
Chr_1_18112323	1	18112323
Chr_1_18150449	1	18150449
Chr_1_18150469	1	18150469
Chr_1_18152387	1	18152387
Chr_1_18152576	1	18152576
Chr_1_18152615	1	18152615
Chr_1_18152651	1	18152651
Chr_1_18152692	1	18152692
Chr_1_18152723	1	18152723
Chr_1_18152759	1	18152759
Chr_1_18152808	1	18152808
Chr_1_18153942	1	18153942
Chr_1_18153958	1	18153958
Chr_1_18153961	1	18153961
Chr_1_18153963	1	18153963
Chr_1_18154165	1	18154165
Chr_1_18157870	1	18157870
Chr_1_18164481	1	18164481
Chr_1_18168300	1	18168300
Chr_1_18168351	1	18168351
Chr_1_18168356	1	18168356
Chr_1_18168357	1	18168357
Chr_1_18171143	1	18171143
Chr_1_18171154	1	18171154
Chr_1_18171158	1	18171158
Chr_1_18171170	1	18171170
Chr_1_18171395	1	18171395
Chr_1_18171410	1	18171410
Chr_1_18171414	1	18171414
Chr_1_18171424	1	18171424
Chr_1_18171458	1	18171458
Chr_1_18171474	1	18171474
Chr_1_18171485	1	18171485
Chr_1_18171486	1	18171486
Chr_1_18171526	1	18171526
Chr_1_18171535	1	18171535
Chr_1_18171546	1	18171546
Chr_1_18171599	1	18171599
Chr_1_18171754	1	18171754
Chr_1_18171756	1	18171756
Chr_1_18171789	1	18171789
Chr_1_18171807	1	18171807
Chr_1_18171809	1	18171809
Chr_1_18171889	1	18171889
Chr_1_18171927	1	18171927
Chr_1_18171931	1	18171931
Chr_1_18171940	1	18171940
Chr_1_18171953	1	18171953
Chr_1_18171960	1	18171960
Chr_1_18171965	1	18171965
Chr_1_18171969	1	18171969
Chr_1_18172061	1	18172061
Chr_1_18190630	1	18190630
Chr_1_18190677	1	18190677
Chr_1_18190702	1	18190702
Chr_1_18190705	1	18190705
Chr_1_18190717	1	18190717
Chr_1_18190732	1	18190732
Chr_1_18190735	1	18190735
Chr_1_18190737	1	18190737
Chr_1_18190831	1	18190831
Chr_1_18190890	1	18190890
Chr_1_18190919	1	18190919
Chr_1_18191067	1	18191067
Chr_1_18208900	1	18208900
Chr_1_18208914	1	18208914
Chr_1_18209047	1	18209047
Chr_1_18209279	1	18209279
Chr_1_18209348	1	18209348
Chr_1_18209363	1	18209363
Chr_1_18209393	1	18209393
Chr_1_18209781	1	18209781
Chr_1_18209865	1	18209865
Chr_1_18209940	1	18209940
Chr_1_18210353	1	18210353
Chr_1_18210569	1	18210569
Chr_1_18210725	1	18210725
Chr_1_18210743	1	18210743
Chr_1_18213867	1	18213867
Chr_1_18214047	1	18214047
Chr_1_18214879	1	18214879
Chr_1_18214927	1	18214927
Chr_1_18214947	1	18214947
Chr_1_18215064	1	18215064
Chr_1_18215106	1	18215106
Chr_1_18215136	1	18215136
Chr_1_18215458	1	18215458
Chr_1_18215494	1	18215494
Chr_1_18215521	1	18215521
Chr_1_18215523	1	18215523
Chr_1_18215543	1	18215543
Chr_1_18215562	1	18215562
Chr_1_18215569	1	18215569
Chr_1_18215594	1	18215594
Chr_1_18215597	1	18215597
Chr_1_18215604	1	18215604
Chr_1_18215615	1	18215615
Chr_1_18215652	1	18215652
Chr_1_18215656	1	18215656
Chr_1_18215662	1	18215662
Chr_1_18215711	1	18215711
Chr_1_18218138	1	18218138
Chr_1_18218140	1	18218140
Chr_1_18218150	1	18218150
Chr_1_18218223	1	18218223
Chr_1_18218397	1	18218397
Chr_1_18218417	1	18218417
Chr_1_18218425	1	18218425
Chr_1_18218516	1	18218516
Chr_1_18219642	1	18219642
Chr_1_18222263	1	18222263
Chr_1_18244616	1	18244616
Chr_1_18244684	1	18244684
Chr_1_18244694	1	18244694
Chr_1_18244880	1	18244880
Chr_1_18244911	1	18244911
Chr_1_18244913	1	18244913
Chr_1_18245088	1	18245088
Chr_1_18245095	1	18245095
Chr_1_18245234	1	18245234
Chr_1_18245252	1	18245252
Chr_1_18245257	1	18245257
Chr_1_18245311	1	18245311
Chr_1_18245312	1	18245312
Chr_1_18245382	1	18245382
Chr_1_18245395	1	18245395
Chr_1_18245407	1	18245407
Chr_1_18245518	1	18245518
Chr_1_18245540	1	18245540
Chr_1_18245765	1	18245765
Chr_1_18246121	1	18246121
Chr_1_18569737	1	18569737
Chr_1_18587053	1	18587053
Chr_1_18587070	1	18587070
Chr_1_18587216	1	18587216
Chr_1_18592886	1	18592886
Chr_1_18592946	1	18592946
Chr_1_18592992	1	18592992
Chr_1_18593028	1	18593028
Chr_1_18593031	1	18593031
Chr_1_18593102	1	18593102
Chr_1_18593184	1	18593184
Chr_1_18593202	1	18593202
Chr_1_18593204	1	18593204
Chr_1_18593210	1	18593210
Chr_1_18593223	1	18593223
Chr_1_18593258	1	18593258
Chr_1_18593307	1	18593307
Chr_1_18593312	1	18593312
Chr_1_18593412	1	18593412
Chr_1_18593451	1	18593451
Chr_1_18593453	1	18593453
Chr_1_18593544	1	18593544
Chr_1_18593553	1	18593553
Chr_1_18626790	1	18626790
Chr_1_18627016	1	18627016
Chr_1_18627040	1	18627040
Chr_1_18627043	1	18627043
Chr_1_18627066	1	18627066
Chr_1_18627091	1	18627091
Chr_1_18627094	1	18627094
Chr_1_18636328	1	18636328
Chr_1_18636382	1	18636382
Chr_1_18637020	1	18637020
Chr_1_18637085	1	18637085
Chr_1_18637167	1	18637167
Chr_1_18638207	1	18638207
Chr_1_18638268	1	18638268
Chr_1_18638275	1	18638275
Chr_1_18638294	1	18638294
Chr_1_18639065	1	18639065
Chr_1_18639400	1	18639400
Chr_1_18640238	1	18640238
Chr_1_18640239	1	18640239
Chr_1_18640303	1	18640303
Chr_1_18640345	1	18640345
Chr_1_18640448	1	18640448
Chr_1_18642076	1	18642076
Chr_1_18647800	1	18647800
Chr_1_18667824	1	18667824
Chr_1_18667830	1	18667830
Chr_1_18668047	1	18668047
Chr_1_18672121	1	18672121
Chr_1_18672162	1	18672162
Chr_1_18672163	1	18672163
Chr_1_18678147	1	18678147
Chr_1_18678161	1	18678161
Chr_1_18678169	1	18678169
Chr_1_18687724	1	18687724
Chr_1_18687725	1	18687725
Chr_1_18687863	1	18687863
Chr_1_18687989	1	18687989
Chr_1_18702632	1	18702632
Chr_1_18799684	1	18799684
Chr_1_18811155	1	18811155
Chr_1_18846481	1	18846481
Chr_1_19585996	1	19585996
Chr_1_20109688	1	20109688
Chr_1_20109710	1	20109710
Chr_1_20109752	1	20109752
Chr_1_20109772	1	20109772
Chr_1_20110063	1	20110063
Chr_1_20668574	1	20668574
Chr_1_20669231	1	20669231
Chr_1_21253669	1	21253669
Chr_1_21253680	1	21253680
Chr_1_21253777	1	21253777
Chr_1_21253826	1	21253826
Chr_1_23208107	1	23208107
Chr_1_23213683	1	23213683
Chr_1_23218563	1	23218563
Chr_1_23929056	1	23929056
Chr_1_24146861	1	24146861
Chr_1_24147278	1	24147278
Chr_1_24147618	1	24147618
Chr_1_24151667	1	24151667
Chr_1_24151851	1	24151851
Chr_1_24152139	1	24152139
Chr_1_24152188	1	24152188
Chr_1_24153386	1	24153386
Chr_1_24153512	1	24153512
Chr_1_24153518	1	24153518
Chr_1_24154166	1	24154166
Chr_1_24154340	1	24154340
Chr_1_24156675	1	24156675
Chr_1_24156847	1	24156847
Chr_1_24160042	1	24160042
Chr_1_24160326	1	24160326
Chr_1_24160404	1	24160404
Chr_1_24160409	1	24160409
Chr_1_24234333	1	24234333
Chr_1_24236127	1	24236127
Chr_1_24236265	1	24236265
Chr_1_24237200	1	24237200
Chr_1_28030056	1	28030056
Chr_1_30060440	1	30060440
Chr_1_30074613	1	30074613
Chr_1_32948098	1	32948098
Chr_1_40275182	1	40275182
Chr_1_40285049	1	40285049
Chr_1_40285074	1	40285074
Chr_1_40285079	1	40285079
Chr_1_40285093	1	40285093
Chr_1_45512214	1	45512214
Chr_1_45513514	1	45513514
Chr_1_45513595	1	45513595
Chr_2_1121610	2	1121610
Chr_2_2397408	2	2397408
Chr_2_2510300	2	2510300
Chr_2_2520811	2	2520811
Chr_2_2540348	2	2540348
Chr_2_2540734	2	2540734
Chr_2_5062238	2	5062238
Chr_2_5062241	2	5062241
Chr_2_5062243	2	5062243
Chr_2_5075305	2	5075305
Chr_2_5083938	2	5083938
Chr_2_5101518	2	5101518
Chr_2_5105697	2	5105697
Chr_2_5105698	2	5105698
Chr_2_5106051	2	5106051
Chr_2_5107302	2	5107302
Chr_2_5110249	2	5110249
Chr_2_5110663	2	5110663
Chr_2_5110687	2	5110687
Chr_2_19230525	2	19230525
Chr_2_19230534	2	19230534
Chr_2_19230689	2	19230689
Chr_2_19230756	2	19230756
Chr_2_19230808	2	19230808
Chr_2_19320555	2	19320555
Chr_2_19321587	2	19321587
Chr_2_19321590	2	19321590
Chr_2_19321626	2	19321626
Chr_2_19351752	2	19351752
Chr_2_19351760	2	19351760
Chr_2_19351913	2	19351913
Chr_2_19351947	2	19351947
Chr_2_19641256	2	19641256
Chr_2_19641265	2	19641265
Chr_2_19642302	2	19642302
Chr_2_19642552	2	19642552
Chr_2_19644189	2	19644189
Chr_2_19644235	2	19644235
Chr_2_19644265	2	19644265
Chr_2_19645032	2	19645032
Chr_2_19649941	2	19649941
Chr_2_19650493	2	19650493
Chr_2_19651061	2	19651061
Chr_2_19651517	2	19651517
Chr_2_19652162	2	19652162
Chr_2_19652495	2	19652495
Chr_2_19652579	2	19652579
Chr_2_19653457	2	19653457
Chr_2_19653635	2	19653635
Chr_2_19653664	2	19653664
Chr_2_19654310	2	19654310
Chr_2_19658989	2	19658989
Chr_2_19661900	2	19661900
Chr_2_19662126	2	19662126
Chr_2_19986879	2	19986879
Chr_2_19986902	2	19986902
Chr_2_19988464	2	19988464
Chr_2_19988483	2	19988483
Chr_2_22904233	2	22904233
Chr_2_22904281	2	22904281
Chr_2_22904298	2	22904298
Chr_2_22957855	2	22957855
Chr_2_22957864	2	22957864
Chr_2_22957899	2	22957899
Chr_2_22957905	2	22957905
Chr_2_22957908	2	22957908
Chr_2_22957966	2	22957966
Chr_2_22957984	2	22957984
Chr_2_22958001	2	22958001
Chr_2_22958005	2	22958005
Chr_2_22958015	2	22958015
Chr_2_22958020	2	22958020
Chr_2_22958101	2	22958101
Chr_2_22958103	2	22958103
Chr_2_22958114	2	22958114
Chr_2_22958116	2	22958116
Chr_2_22958128	2	22958128
Chr_2_24151496	2	24151496
Chr_2_27287089	2	27287089
Chr_2_27514852	2	27514852
Chr_2_30308641	2	30308641
Chr_2_30927396	2	30927396
Chr_2_34147315	2	34147315
Chr_2_35585772	2	35585772
Chr_2_35587851	2	35587851
Chr_2_35587858	2	35587858
Chr_2_35588080	2	35588080
Chr_2_35592152	2	35592152
Chr_2_35592180	2	35592180
Chr_2_35594349	2	35594349
Chr_2_35596527	2	35596527
Chr_2_35596623	2	35596623
Chr_2_35597891	2	35597891
Chr_2_35599369	2	35599369
Chr_2_35616622	2	35616622
Chr_2_35621662	2	35621662
Chr_2_38414717	2	38414717
Chr_2_40349966	2	40349966
Chr_2_40350478	2	40350478
Chr_2_40786496	2	40786496
Chr_2_40800172	2	40800172
Chr_3_619674	3	619674
Chr_3_619692	3	619692
Chr_3_716441	3	716441
Chr_3_719751	3	719751
Chr_3_722585	3	722585
Chr_3_2347127	3	2347127
Chr_3_2848428	3	2848428
Chr_3_2848432	3	2848432
Chr_3_2851132	3	2851132
Chr_3_2858134	3	2858134
Chr_3_2859820	3	2859820
Chr_3_2860816	3	2860816
Chr_3_2860957	3	2860957
Chr_3_2861560	3	2861560
Chr_3_2861951	3	2861951
Chr_3_3528412	3	3528412
Chr_3_3915265	3	3915265
Chr_3_3915753	3	3915753
Chr_3_3917157	3	3917157
Chr_3_3917247	3	3917247
Chr_3_3917290	3	3917290
Chr_3_3917372	3	3917372
Chr_3_3917642	3	3917642
Chr_3_3918028	3	3918028
Chr_3_3958877	3	3958877
Chr_3_3959724	3	3959724
Chr_3_3959864	3	3959864
Chr_3_3960119	3	3960119
Chr_3_3960126	3	3960126
Chr_3_3960218	3	3960218
Chr_3_3960342	3	3960342
Chr_3_3960437	3	3960437
Chr_3_3960539	3	3960539
Chr_3_3960612	3	3960612
Chr_3_3961109	3	3961109
Chr_3_3961177	3	3961177
Chr_3_3961414	3	3961414
Chr_3_3961437	3	3961437
Chr_3_3961445	3	3961445
Chr_3_3961774	3	3961774
Chr_3_3961855	3	3961855
Chr_3_3961882	3	3961882
Chr_3_3961908	3	3961908
Chr_3_3962469	3	3962469
Chr_3_3963467	3	3963467
Chr_3_3964301	3	3964301
Chr_3_3964422	3	3964422
Chr_3_3965258	3	3965258
Chr_3_3965507	3	3965507
Chr_3_3965884	3	3965884
Chr_3_3965928	3	3965928
Chr_3_3966072	3	3966072
Chr_3_3966688	3	3966688
Chr_3_3966764	3	3966764
Chr_3_3966772	3	3966772
Chr_3_3967310	3	3967310
Chr_3_3967313	3	3967313
Chr_3_3967632	3	3967632
Chr_3_3968000	3	3968000
Chr_3_3968213	3	3968213
Chr_3_3968343	3	3968343
Chr_3_3969269	3	3969269
Chr_3_3969357	3	3969357
Chr_3_3969499	3	3969499
Chr_3_3969514	3	3969514
Chr_3_3969530	3	3969530
Chr_3_3969543	3	3969543
Chr_3_3969563	3	3969563
Chr_3_3969581	3	3969581
Chr_3_3969686	3	3969686
Chr_3_3969702	3	3969702
Chr_3_3969708	3	3969708
Chr_3_3969711	3	3969711
Chr_3_3969731	3	3969731
Chr_3_3969777	3	3969777
Chr_3_3969804	3	3969804
Chr_3_3970107	3	3970107
Chr_3_3970122	3	3970122
Chr_3_3970225	3	3970225
Chr_3_3970449	3	3970449
Chr_3_3970478	3	3970478
Chr_3_3970525	3	3970525
Chr_3_3970527	3	3970527
Chr_3_3970549	3	3970549
Chr_3_3970551	3	3970551
Chr_3_3970558	3	3970558
Chr_3_3970577	3	3970577
Chr_3_3970622	3	3970622
Chr_3_3970685	3	3970685
Chr_3_3970726	3	3970726
Chr_3_3970841	3	3970841
Chr_3_3970996	3	3970996
Chr_3_3971011	3	3971011
Chr_3_3971183	3	3971183
Chr_3_3975936	3	3975936
Chr_3_3976457	3	3976457
Chr_3_3976497	3	3976497
Chr_3_3978094	3	3978094
Chr_3_3978801	3	3978801
Chr_3_3978803	3	3978803
Chr_3_3980014	3	3980014
Chr_3_3980388	3	3980388
Chr_3_3980900	3	3980900
Chr_3_3996077	3	3996077
Chr_3_3996109	3	3996109
Chr_3_3996312	3	3996312
Chr_3_3996327	3	3996327
Chr_3_3996329	3	3996329
Chr_3_3996772	3	3996772
Chr_3_3996801	3	3996801
Chr_3_3997069	3	3997069
Chr_3_3997321	3	3997321
Chr_3_3997397	3	3997397
Chr_3_3997427	3	3997427
Chr_3_3997830	3	3997830
Chr_3_3998075	3	3998075
Chr_3_3998116	3	3998116
Chr_3_4003430	3	4003430
Chr_3_4003590	3	4003590
Chr_3_4004049	3	4004049
Chr_3_4004133	3	4004133
Chr_3_4004214	3	4004214
Chr_3_4004736	3	4004736
Chr_3_4005265	3	4005265
Chr_3_4007104	3	4007104
Chr_3_4007423	3	4007423
Chr_3_4008514	3	4008514
Chr_3_7600309	3	7600309
Chr_3_7600468	3	7600468
Chr_3_8489180	3	8489180
Chr_3_8490316	3	8490316
Chr_3_10754973	3	10754973
Chr_3_11919362	3	11919362
Chr_3_13422183	3	13422183
Chr_3_13881973	3	13881973
Chr_3_13884479	3	13884479
Chr_3_16437686	3	16437686
Chr_3_19964805	3	19964805
Chr_3_20790440	3	20790440
Chr_3_20851408	3	20851408
Chr_3_20864792	3	20864792
Chr_3_20865093	3	20865093
Chr_3_20865226	3	20865226
Chr_3_20865235	3	20865235
Chr_3_20865542	3	20865542
Chr_3_20865705	3	20865705
Chr_3_20865754	3	20865754
Chr_3_21709675	3	21709675
Chr_3_21997105	3	21997105
Chr_3_24332254	3	24332254
Chr_3_24642641	3	24642641
Chr_3_24642835	3	24642835
Chr_3_24835986	3	24835986
Chr_3_25690196	3	25690196
Chr_3_32010238	3	32010238
Chr_3_52449384	3	52449384
Chr_3_52450124	3	52450124
Chr_3_52451571	3	52451571
Chr_3_53759067	3	53759067
Chr_3_53759069	3	53759069
Chr_3_53759110	3	53759110
Chr_3_53759132	3	53759132
Chr_3_53759141	3	53759141
Chr_3_53759161	3	53759161
Chr_3_53759198	3	53759198
Chr_3_53759251	3	53759251
Chr_3_53759299	3	53759299
Chr_3_53759307	3	53759307
Chr_3_53759314	3	53759314
Chr_3_53759326	3	53759326
Chr_3_53759330	3	53759330
Chr_3_53759341	3	53759341
Chr_3_53759343	3	53759343
Chr_3_53759357	3	53759357
Chr_3_53759400	3	53759400
Chr_3_53759410	3	53759410
Chr_3_53759421	3	53759421
Chr_3_53759431	3	53759431
Chr_3_53759433	3	53759433
Chr_3_53759462	3	53759462
Chr_3_53759476	3	53759476
Chr_3_53759477	3	53759477
Chr_3_53759480	3	53759480
Chr_3_53759484	3	53759484
Chr_3_53759494	3	53759494
Chr_3_53759500	3	53759500
Chr_3_53759524	3	53759524
Chr_3_53759541	3	53759541
Chr_3_53759550	3	53759550
Chr_3_55570813	3	55570813
Chr_3_55570822	3	55570822
Chr_3_55571273	3	55571273
Chr_3_55572415	3	55572415
Chr_3_60688294	3	60688294
Chr_3_64919734	3	64919734
Chr_3_64920304	3	64920304
Chr_3_64921568	3	64921568
Chr_3_64923591	3	64923591
Chr_3_64925221	3	64925221
Chr_3_64925294	3	64925294
Chr_3_64925436	3	64925436
Chr_3_64925437	3	64925437
Chr_3_64925455	3	64925455
Chr_3_64925671	3	64925671
Chr_3_64926979	3	64926979
Chr_3_72833323	3	72833323
Chr_3_73150316	3	73150316
Chr_3_74100839	3	74100839
Chr_3_74100881	3	74100881
Chr_4_4154396	4	4154396
Chr_4_9651153	4	9651153
Chr_4_9651169	4	9651169
Chr_4_17347465	4	17347465
Chr_4_18235888	4	18235888
Chr_4_21501122	4	21501122
Chr_4_24335153	4	24335153
Chr_4_28361629	4	28361629
Chr_4_31699528	4	31699528
Chr_4_31700152	4	31700152
Chr_4_31703110	4	31703110
Chr_4_31703173	4	31703173
Chr_4_31703338	4	31703338
Chr_4_31703692	4	31703692
Chr_4_31705739	4	31705739
Chr_4_31708223	4	31708223
Chr_4_31708375	4	31708375
Chr_4_31708498	4	31708498
Chr_4_31708524	4	31708524
Chr_4_31708535	4	31708535
Chr_4_31759668	4	31759668
Chr_4_31768888	4	31768888
Chr_4_31989807	4	31989807
Chr_4_31989836	4	31989836
Chr_4_31989842	4	31989842
Chr_4_31989880	4	31989880
Chr_4_33915090	4	33915090
Chr_4_33915202	4	33915202
Chr_4_33983688	4	33983688
Chr_4_34206644	4	34206644
Chr_4_34206645	4	34206645
Chr_4_34211866	4	34211866
Chr_4_34488762	4	34488762
Chr_4_34488910	4	34488910
Chr_4_34489311	4	34489311
Chr_4_34489373	4	34489373
Chr_4_34491573	4	34491573
Chr_4_34491786	4	34491786
Chr_4_34496616	4	34496616
Chr_4_34497364	4	34497364
Chr_4_34498336	4	34498336
Chr_4_35801106	4	35801106
Chr_4_39123234	4	39123234
Chr_5_9821015	5	9821015
Chr_5_9821036	5	9821036
Chr_5_13990590	5	13990590
Chr_5_14106777	5	14106777
Chr_5_14716773	5	14716773
Chr_5_15077006	5	15077006
Chr_5_15167380	5	15167380
Chr_5_16705087	5	16705087
Chr_5_17965359	5	17965359
Chr_5_18047529	5	18047529
Chr_5_24874303	5	24874303
Chr_5_24874640	5	24874640
Chr_5_24881482	5	24881482
Chr_5_24882189	5	24882189
Chr_5_24882664	5	24882664
Chr_5_24883541	5	24883541
Chr_5_24883682	5	24883682
Chr_5_24884574	5	24884574
Chr_5_24889524	5	24889524
Chr_5_24906591	5	24906591
Chr_5_24907378	5	24907378
Chr_5_24907784	5	24907784
Chr_5_24933304	5	24933304
Chr_5_24934113	5	24934113
Chr_5_34964360	5	34964360
Chr_5_34964864	5	34964864
Chr_5_34964916	5	34964916
Chr_5_34964949	5	34964949
Chr_5_34965229	5	34965229
Chr_5_34965841	5	34965841
Chr_5_34965869	5	34965869
Chr_5_34966121	5	34966121
Chr_5_34966573	5	34966573
Chr_5_34966584	5	34966584
Chr_5_34966620	5	34966620
Chr_5_34966752	5	34966752
Chr_5_34966756	5	34966756
Chr_5_34966865	5	34966865
Chr_5_34966879	5	34966879
Chr_5_34966913	5	34966913
Chr_5_34966990	5	34966990
Chr_5_34967017	5	34967017
Chr_5_34967035	5	34967035
Chr_5_34967408	5	34967408
Chr_5_34967494	5	34967494
Chr_5_34967521	5	34967521
Chr_5_34967631	5	34967631
Chr_5_34967740	5	34967740
Chr_5_34967926	5	34967926
Chr_5_34989431	5	34989431
Chr_5_34992159	5	34992159
Chr_5_34998338	5	34998338
Chr_5_36391585	5	36391585
Chr_5_36522425	5	36522425
Chr_5_36525375	5	36525375
Chr_5_36583280	5	36583280
Chr_5_36583729	5	36583729
Chr_5_36587670	5	36587670
Chr_5_36591304	5	36591304
Chr_5_36602402	5	36602402
Chr_5_39985816	5	39985816
Chr_5_39986613	5	39986613
Chr_5_39986963	5	39986963
Chr_5_40469663	5	40469663
Chr_5_40919225	5	40919225
Chr_5_40919247	5	40919247
Chr_5_40919299	5	40919299
Chr_5_40920256	5	40920256
Chr_5_40920582	5	40920582
Chr_5_41058035	5	41058035
Chr_5_41058046	5	41058046
Chr_5_41881129	5	41881129
Chr_5_41993714	5	41993714
Chr_5_41993715	5	41993715
Chr_5_41993867	5	41993867
Chr_5_41997135	5	41997135
Chr_5_41997170	5	41997170
Chr_5_41998308	5	41998308
Chr_5_42076146	5	42076146
Chr_5_42101797	5	42101797
Chr_5_42459386	5	42459386
Chr_5_42503811	5	42503811
Chr_5_42504460	5	42504460
Chr_5_42505539	5	42505539
Chr_5_42505912	5	42505912
Chr_5_42508080	5	42508080
Chr_5_42555749	5	42555749
Chr_5_42728605	5	42728605
Chr_5_42778801	5	42778801
Chr_5_42824852	5	42824852
Chr_5_42831425	5	42831425
Chr_5_43646563	5	43646563
Chr_5_43795434	5	43795434
Chr_5_43796403	5	43796403
Chr_5_43796718	5	43796718
Chr_5_43796867	5	43796867
Chr_5_43796887	5	43796887
Chr_5_43796926	5	43796926
Chr_5_43796943	5	43796943
Chr_5_43895838	5	43895838
Chr_5_43896207	5	43896207
Chr_5_43896269	5	43896269
Chr_5_43896422	5	43896422
Chr_5_43899037	5	43899037
Chr_5_43901084	5	43901084
Chr_5_43901179	5	43901179
Chr_5_43901358	5	43901358
Chr_5_43901606	5	43901606
Chr_5_43909027	5	43909027
Chr_5_43910863	5	43910863
Chr_5_43923151	5	43923151
Chr_5_43931552	5	43931552
Chr_5_44855323	5	44855323
Chr_5_44855346	5	44855346
Chr_5_44858622	5	44858622
Chr_5_44858942	5	44858942
Chr_5_44879167	5	44879167
Chr_5_44884242	5	44884242
Chr_5_44884275	5	44884275
Chr_5_44885720	5	44885720
Chr_5_44886335	5	44886335
Chr_5_44886388	5	44886388
Chr_5_44886570	5	44886570
Chr_5_44886961	5	44886961
Chr_5_44887187	5	44887187
Chr_5_44887443	5	44887443
Chr_5_44888071	5	44888071
Chr_5_44909000	5	44909000
Chr_5_45097863	5	45097863
Chr_5_45120131	5	45120131
Chr_5_45122937	5	45122937
Chr_5_45123168	5	45123168
Chr_5_45146728	5	45146728
Chr_5_45283677	5	45283677
Chr_5_45439613	5	45439613
Chr_5_45452070	5	45452070
Chr_5_45567528	5	45567528
Chr_5_46130520	5	46130520
Chr_5_46130607	5	46130607
Chr_6_1418532	6	1418532
Chr_6_1419353	6	1419353
Chr_6_1419699	6	1419699
Chr_6_1423083	6	1423083
Chr_6_1424218	6	1424218
Chr_6_1433522	6	1433522
Chr_6_1433531	6	1433531
Chr_6_1435082	6	1435082
Chr_6_1438820	6	1438820
Chr_6_1442357	6	1442357
Chr_6_1451737	6	1451737
Chr_6_1451740	6	1451740
Chr_6_2457678	6	2457678
Chr_6_2457690	6	2457690
Chr_6_7496365	6	7496365
Chr_6_10123155	6	10123155
Chr_6_16456656	6	16456656
Chr_6_16456902	6	16456902
Chr_6_16456988	6	16456988
Chr_6_16457115	6	16457115
Chr_6_17126734	6	17126734
Chr_6_18891499	6	18891499
Chr_6_18891515	6	18891515
Chr_6_30345142	6	30345142
Chr_6_31438893	6	31438893
Chr_6_40987146	6	40987146
Chr_6_42957975	6	42957975
Chr_6_42958186	6	42958186
Chr_6_42958199	6	42958199
Chr_6_42958201	6	42958201
Chr_6_42959553	6	42959553
Chr_6_42993715	6	42993715
Chr_6_42997883	6	42997883
Chr_6_42999573	6	42999573
Chr_6_43004481	6	43004481
Chr_6_43009944	6	43009944
Chr_6_43010015	6	43010015
Chr_6_43011723	6	43011723
Chr_6_43034407	6	43034407
Chr_6_43075063	6	43075063
Chr_6_43077026	6	43077026
Chr_6_43086589	6	43086589
Chr_6_43087756	6	43087756
Chr_6_43088177	6	43088177
Chr_6_43099075	6	43099075
Chr_6_43099078	6	43099078
Chr_6_43099275	6	43099275
Chr_6_43099569	6	43099569
Chr_6_43108867	6	43108867
Chr_6_43262615	6	43262615
Chr_6_43262838	6	43262838
Chr_6_43262850	6	43262850
Chr_6_43263000	6	43263000
Chr_6_43263132	6	43263132
Chr_6_43263152	6	43263152
Chr_6_43263190	6	43263190
Chr_6_43263231	6	43263231
Chr_6_43263542	6	43263542
Chr_6_43263823	6	43263823
Chr_6_43263852	6	43263852
Chr_6_43263863	6	43263863
Chr_6_43263864	6	43263864
Chr_6_43263881	6	43263881
Chr_6_43263910	6	43263910
Chr_6_43263914	6	43263914
Chr_6_43264593	6	43264593
Chr_6_43264598	6	43264598
Chr_6_43264606	6	43264606
Chr_6_43264644	6	43264644
Chr_6_43264682	6	43264682
Chr_6_43264705	6	43264705
Chr_6_43264717	6	43264717
Chr_6_43264785	6	43264785
Chr_6_43264855	6	43264855
Chr_6_43264878	6	43264878
Chr_6_43264886	6	43264886
Chr_6_43264974	6	43264974
Chr_6_43265054	6	43265054
Chr_6_43265169	6	43265169
Chr_6_43265253	6	43265253
Chr_6_43265254	6	43265254
Chr_6_43265347	6	43265347
Chr_6_43265375	6	43265375
Chr_6_43265459	6	43265459
Chr_6_43265542	6	43265542
Chr_6_43265902	6	43265902
Chr_6_43265945	6	43265945
Chr_6_43265946	6	43265946
Chr_6_43268732	6	43268732
Chr_6_43268967	6	43268967
Chr_6_43269019	6	43269019
Chr_6_43269062	6	43269062
Chr_6_43269269	6	43269269
Chr_6_43269328	6	43269328
Chr_6_43269414	6	43269414
Chr_6_43269467	6	43269467
Chr_6_43269488	6	43269488
Chr_7_491634	7	491634
Chr_7_6197350	7	6197350
Chr_7_6197554	7	6197554
Chr_7_6218860	7	6218860
Chr_7_6224001	7	6224001
Chr_7_6224403	7	6224403
Chr_7_6224416	7	6224416
Chr_7_6224924	7	6224924
Chr_7_6244190	7	6244190
Chr_7_6244197	7	6244197
Chr_7_6244225	7	6244225
Chr_7_6244979	7	6244979
Chr_7_6245017	7	6245017
Chr_7_6245317	7	6245317
Chr_7_6245465	7	6245465
Chr_7_6245513	7	6245513
Chr_7_6245546	7	6245546
Chr_7_6245586	7	6245586
Chr_7_6245628	7	6245628
Chr_7_6245688	7	6245688
Chr_7_6245711	7	6245711
Chr_7_6245813	7	6245813
Chr_7_6245830	7	6245830
Chr_7_6252693	7	6252693
Chr_7_6252703	7	6252703
Chr_7_6252724	7	6252724
Chr_7_6252783	7	6252783
Chr_7_6252806	7	6252806
Chr_7_6253292	7	6253292
Chr_7_6253317	7	6253317
Chr_7_6253414	7	6253414
Chr_7_6253492	7	6253492
Chr_7_6254061	7	6254061
Chr_7_6254131	7	6254131
Chr_7_6254159	7	6254159
Chr_7_6254174	7	6254174
Chr_7_6254224	7	6254224
Chr_7_6254269	7	6254269
Chr_7_6254281	7	6254281
Chr_7_6254293	7	6254293
Chr_7_6255377	7	6255377
Chr_7_6255398	7	6255398
Chr_7_6255403	7	6255403
Chr_7_6255407	7	6255407
Chr_7_6255420	7	6255420
Chr_7_6255422	7	6255422
Chr_7_6255428	7	6255428
Chr_7_6255440	7	6255440
Chr_7_6257055	7	6257055
Chr_7_6259108	7	6259108
Chr_7_6259154	7	6259154
Chr_7_6259203	7	6259203
Chr_7_6259206	7	6259206
Chr_7_6259209	7	6259209
Chr_7_6259524	7	6259524
Chr_7_6259568	7	6259568
Chr_7_6259782	7	6259782
Chr_7_6259785	7	6259785
Chr_7_6259966	7	6259966
Chr_7_6259990	7	6259990
Chr_7_6260643	7	6260643
Chr_7_6260644	7	6260644
Chr_7_6260645	7	6260645
Chr_7_6260692	7	6260692
Chr_7_6260695	7	6260695
Chr_7_6260837	7	6260837
Chr_7_6260861	7	6260861
Chr_7_6260864	7	6260864
Chr_7_6261042	7	6261042
Chr_7_6262107	7	6262107
Chr_7_6262119	7	6262119
Chr_7_6262171	7	6262171
Chr_7_6262460	7	6262460
Chr_7_6264341	7	6264341
Chr_7_6264343	7	6264343
Chr_7_6264395	7	6264395
Chr_7_6264481	7	6264481
Chr_7_6264925	7	6264925
Chr_7_6264926	7	6264926
Chr_7_6265519	7	6265519
Chr_7_6265568	7	6265568
Chr_7_6265576	7	6265576
Chr_7_6265584	7	6265584
Chr_7_6265622	7	6265622
Chr_7_6266704	7	6266704
Chr_7_6266731	7	6266731
Chr_7_6266868	7	6266868
Chr_7_6266992	7	6266992
Chr_7_6266993	7	6266993
Chr_7_6268280	7	6268280
Chr_7_6268353	7	6268353
Chr_7_6268372	7	6268372
Chr_7_6269128	7	6269128
Chr_7_6269383	7	6269383
Chr_7_6269507	7	6269507
Chr_7_6269616	7	6269616
Chr_7_6269626	7	6269626
Chr_7_6270578	7	6270578
Chr_7_6270590	7	6270590
Chr_7_6270597	7	6270597
Chr_7_6270640	7	6270640
Chr_7_6270674	7	6270674
Chr_7_6270919	7	6270919
Chr_7_6270943	7	6270943
Chr_7_6270995	7	6270995
Chr_7_6271184	7	6271184
Chr_7_6271600	7	6271600
Chr_7_6271668	7	6271668
Chr_7_6271686	7	6271686
Chr_7_6271745	7	6271745
Chr_7_6272153	7	6272153
Chr_7_6272622	7	6272622
Chr_7_6272714	7	6272714
Chr_7_6273018	7	6273018
Chr_7_6274698	7	6274698
Chr_7_6274707	7	6274707
Chr_7_6274742	7	6274742
Chr_7_6274786	7	6274786
Chr_7_6274791	7	6274791
Chr_7_6274793	7	6274793
Chr_7_6274807	7	6274807
Chr_7_6274851	7	6274851
Chr_7_6274902	7	6274902
Chr_7_6278942	7	6278942
Chr_7_6279010	7	6279010
Chr_7_6279013	7	6279013
Chr_7_6279035	7	6279035
Chr_7_6279057	7	6279057
Chr_7_6279148	7	6279148
Chr_7_6304581	7	6304581
Chr_7_6304666	7	6304666
Chr_7_6304689	7	6304689
Chr_7_6304700	7	6304700
Chr_7_6304944	7	6304944
Chr_7_6305144	7	6305144
Chr_7_6305199	7	6305199
Chr_7_6305250	7	6305250
Chr_7_6312352	7	6312352
Chr_7_14310198	7	14310198
Chr_7_14311966	7	14311966
Chr_7_14312039	7	14312039
Chr_7_14312040	7	14312040
Chr_7_14312049	7	14312049
Chr_7_14312058	7	14312058
Chr_7_14312892	7	14312892
Chr_7_14312901	7	14312901
Chr_7_14312904	7	14312904
Chr_7_14312908	7	14312908
Chr_7_14312916	7	14312916
Chr_7_14360949	7	14360949
Chr_7_14360952	7	14360952
Chr_7_14518540	7	14518540
Chr_7_15682582	7	15682582
Chr_7_25096136	7	25096136
Chr_7_25096166	7	25096166
Chr_7_25096201	7	25096201
Chr_7_25096210	7	25096210
Chr_7_25107268	7	25107268
Chr_7_26347043	7	26347043
Chr_7_26348288	7	26348288
Chr_7_26349387	7	26349387
Chr_7_26350730	7	26350730
Chr_7_26350878	7	26350878
Chr_7_26351052	7	26351052
Chr_7_26351075	7	26351075
Chr_7_26351182	7	26351182
Chr_7_26351290	7	26351290
Chr_7_26351306	7	26351306
Chr_7_26351311	7	26351311
Chr_7_26700822	7	26700822
Chr_7_26701070	7	26701070
Chr_7_26704623	7	26704623
Chr_7_26762358	7	26762358
Chr_7_26762436	7	26762436
Chr_7_26762478	7	26762478
Chr_7_26762796	7	26762796
Chr_7_26764096	7	26764096
Chr_7_26764120	7	26764120
Chr_7_26765050	7	26765050
Chr_7_26765053	7	26765053
Chr_7_26765054	7	26765054
Chr_7_26766666	7	26766666
Chr_7_30429977	7	30429977
Chr_7_30432225	7	30432225
Chr_7_30432276	7	30432276
Chr_8_5110975	8	5110975
Chr_8_7389057	8	7389057
Chr_8_7713483	8	7713483
Chr_8_7725101	8	7725101
Chr_8_7727459	8	7727459
Chr_8_7748787	8	7748787
Chr_8_7748791	8	7748791
Chr_8_7748861	8	7748861
Chr_8_7748872	8	7748872
Chr_8_7750670	8	7750670
Chr_8_7966766	8	7966766
Chr_8_7966840	8	7966840
Chr_8_8273448	8	8273448
Chr_8_8273618	8	8273618
Chr_8_8286962	8	8286962
Chr_8_8442374	8	8442374
Chr_8_8442676	8	8442676
Chr_8_8525651	8	8525651
Chr_8_9925039	8	9925039
Chr_8_9925058	8	9925058
Chr_8_9925228	8	9925228
Chr_8_9928369	8	9928369
Chr_8_9928556	8	9928556
Chr_8_9928704	8	9928704
Chr_8_9928929	8	9928929
Chr_8_9929850	8	9929850
Chr_8_9931119	8	9931119
Chr_8_10698313	8	10698313
Chr_8_10698321	8	10698321
Chr_8_10698323	8	10698323
Chr_8_15571420	8	15571420
Chr_8_16043885	8	16043885
Chr_8_16043906	8	16043906
Chr_8_16123582	8	16123582
Chr_8_16123590	8	16123590
Chr_8_16152648	8	16152648
Chr_8_16152672	8	16152672
Chr_8_16153200	8	16153200
Chr_8_16607998	8	16607998
Chr_8_16654636	8	16654636
Chr_8_16670643	8	16670643
Chr_8_16670644	8	16670644
Chr_8_16783554	8	16783554
Chr_8_16785781	8	16785781
Chr_8_16785960	8	16785960
Chr_8_17459195	8	17459195
Chr_8_17462346	8	17462346
Chr_8_17463975	8	17463975
Chr_8_17532059	8	17532059
Chr_8_17532184	8	17532184
Chr_8_17532289	8	17532289
Chr_8_17532302	8	17532302
Chr_8_17532470	8	17532470
Chr_8_17539520	8	17539520
Chr_8_17539627	8	17539627
Chr_8_17539809	8	17539809
Chr_8_17540095	8	17540095
Chr_8_17540104	8	17540104
Chr_8_17540123	8	17540123
Chr_8_17540444	8	17540444
Chr_8_17540465	8	17540465
Chr_8_17554699	8	17554699
Chr_8_17554790	8	17554790
Chr_8_17555350	8	17555350
Chr_8_17567792	8	17567792
Chr_8_17579120	8	17579120
Chr_8_17580592	8	17580592
Chr_8_17620235	8	17620235
Chr_8_17673034	8	17673034
Chr_8_17673048	8	17673048
Chr_8_17673054	8	17673054
Chr_8_17764927	8	17764927
Chr_8_17765244	8	17765244
Chr_8_17774104	8	17774104
Chr_8_17774109	8	17774109
Chr_8_17809821	8	17809821
Chr_8_17990702	8	17990702
Chr_8_17990752	8	17990752
Chr_8_18013650	8	18013650
Chr_8_18546079	8	18546079
Chr_8_18546650	8	18546650
Chr_8_18546815	8	18546815
Chr_8_18555159	8	18555159
Chr_8_18562139	8	18562139
Chr_8_18562480	8	18562480
Chr_8_18562508	8	18562508
Chr_8_18563391	8	18563391
Chr_8_18567984	8	18567984
Chr_8_18567996	8	18567996
Chr_8_18567997	8	18567997
Chr_8_18596757	8	18596757
Chr_8_18596949	8	18596949
Chr_8_18638786	8	18638786
Chr_8_18638836	8	18638836
Chr_8_18638959	8	18638959
Chr_8_18638968	8	18638968
Chr_8_18639169	8	18639169
Chr_8_18639268	8	18639268
Chr_8_18639499	8	18639499
Chr_8_18639577	8	18639577
Chr_8_18639603	8	18639603
Chr_8_18639614	8	18639614
Chr_8_18639625	8	18639625
Chr_8_18639777	8	18639777
Chr_8_18641177	8	18641177
Chr_8_18641374	8	18641374
Chr_8_18705450	8	18705450
Chr_8_18705621	8	18705621
Chr_8_18705703	8	18705703
Chr_8_18705722	8	18705722
Chr_8_18721090	8	18721090
Chr_8_18726640	8	18726640
Chr_8_18727178	8	18727178
Chr_8_18727307	8	18727307
Chr_8_18727324	8	18727324
Chr_8_18731469	8	18731469
Chr_8_19053423	8	19053423
Chr_8_20059883	8	20059883
Chr_8_20059915	8	20059915
Chr_8_20065293	8	20065293
Chr_8_20070757	8	20070757
Chr_8_20070940	8	20070940
Chr_8_20071043	8	20071043
Chr_8_20071311	8	20071311
Chr_8_20071442	8	20071442
Chr_8_20071477	8	20071477
Chr_8_20071665	8	20071665
Chr_8_20071685	8	20071685
Chr_8_20071838	8	20071838
Chr_8_20075223	8	20075223
Chr_8_20075405	8	20075405
Chr_8_20075414	8	20075414
Chr_8_20075494	8	20075494
Chr_8_20075532	8	20075532
Chr_8_20075807	8	20075807
Chr_8_20075871	8	20075871
Chr_8_20076174	8	20076174
Chr_8_20076633	8	20076633
Chr_8_20076655	8	20076655
Chr_8_20076839	8	20076839
Chr_8_20076887	8	20076887
Chr_8_20076967	8	20076967
Chr_8_20077083	8	20077083
Chr_8_20077093	8	20077093
Chr_8_20077110	8	20077110
Chr_8_20077167	8	20077167
Chr_8_20077275	8	20077275
Chr_8_20077291	8	20077291
Chr_8_20162562	8	20162562
Chr_8_20435575	8	20435575
Chr_8_20451374	8	20451374
Chr_8_20456411	8	20456411
Chr_8_20456538	8	20456538
Chr_8_20456641	8	20456641
Chr_8_20457856	8	20457856
Chr_8_20458046	8	20458046
Chr_8_20459499	8	20459499
Chr_8_20460304	8	20460304
Chr_8_20460851	8	20460851
Chr_8_20460855	8	20460855
Chr_8_20460934	8	20460934
Chr_8_20460937	8	20460937
Chr_8_20461045	8	20461045
Chr_8_20461081	8	20461081
Chr_8_20461088	8	20461088
Chr_8_20461101	8	20461101
Chr_8_20463269	8	20463269
Chr_8_23423379	8	23423379
Chr_8_23423856	8	23423856
Chr_8_24630177	8	24630177
Chr_8_25733019	8	25733019
Chr_8_25955514	8	25955514
Chr_8_25955744	8	25955744
Chr_8_25955859	8	25955859
Chr_8_25955896	8	25955896
Chr_8_25956043	8	25956043
Chr_8_25956056	8	25956056
Chr_8_26463425	8	26463425
Chr_8_27188586	8	27188586
Chr_8_27332278	8	27332278
Chr_8_27348185	8	27348185
Chr_8_27349113	8	27349113
Chr_8_27349710	8	27349710
Chr_8_27349866	8	27349866
Chr_8_27361259	8	27361259
Chr_8_27361815	8	27361815
Chr_8_27362115	8	27362115
Chr_8_27362887	8	27362887
Chr_8_27362936	8	27362936
Chr_8_27363107	8	27363107
Chr_8_27363395	8	27363395
Chr_8_27364578	8	27364578
Chr_8_27364579	8	27364579
Chr_8_27366737	8	27366737
Chr_8_27366881	8	27366881
Chr_8_27379280	8	27379280
Chr_8_27379784	8	27379784
Chr_8_27388422	8	27388422
Chr_8_27388584	8	27388584
Chr_8_27389442	8	27389442
Chr_8_27390012	8	27390012
Chr_8_27392214	8	27392214
Chr_8_27393531	8	27393531
Chr_8_27393690	8	27393690
Chr_8_27398723	8	27398723
Chr_8_27398743	8	27398743
Chr_8_27399482	8	27399482
Chr_8_27399813	8	27399813
Chr_8_27401727	8	27401727
Chr_8_27402100	8	27402100
Chr_8_27402256	8	27402256
Chr_8_27402630	8	27402630
Chr_8_27402856	8	27402856
Chr_8_27402965	8	27402965
Chr_8_27403986	8	27403986
Chr_8_27405067	8	27405067
Chr_8_27405321	8	27405321
Chr_8_27405604	8	27405604
Chr_8_27406409	8	27406409
Chr_8_27406540	8	27406540
Chr_8_27407181	8	27407181
Chr_8_27407318	8	27407318
Chr_8_27408473	8	27408473
Chr_8_27409239	8	27409239
Chr_8_27410110	8	27410110
Chr_8_27411511	8	27411511
Chr_8_27411663	8	27411663
Chr_8_27412196	8	27412196
Chr_8_27413596	8	27413596
Chr_8_27413939	8	27413939
Chr_8_27415915	8	27415915
Chr_8_27420256	8	27420256
Chr_8_27420939	8	27420939
Chr_8_27421212	8	27421212
Chr_8_27421419	8	27421419
Chr_8_27421605	8	27421605
Chr_8_27421714	8	27421714
Chr_8_27421737	8	27421737
Chr_8_27422354	8	27422354
Chr_8_27423138	8	27423138
Chr_8_27423476	8	27423476
Chr_8_27423572	8	27423572
Chr_8_27424373	8	27424373
Chr_8_27424698	8	27424698
Chr_8_27430321	8	27430321
Chr_8_27430833	8	27430833
Chr_8_27432750	8	27432750
Chr_8_27435506	8	27435506
Chr_8_27436533	8	27436533
Chr_8_27438908	8	27438908
Chr_8_27440943	8	27440943
Chr_8_27441451	8	27441451
Chr_8_27444432	8	27444432
Chr_8_27444542	8	27444542
Chr_8_27444566	8	27444566
Chr_8_27444772	8	27444772
Chr_8_27445273	8	27445273
Chr_8_27446192	8	27446192
Chr_8_27446223	8	27446223
Chr_8_27446254	8	27446254
Chr_8_27446285	8	27446285
Chr_8_27446561	8	27446561
Chr_8_27447156	8	27447156
Chr_8_27447643	8	27447643
Chr_8_27447834	8	27447834
Chr_8_27450876	8	27450876
Chr_8_27452542	8	27452542
Chr_8_27454420	8	27454420
Chr_8_27454519	8	27454519
Chr_8_27454558	8	27454558
Chr_8_27455481	8	27455481
Chr_8_27483604	8	27483604
Chr_8_27483629	8	27483629
Chr_8_27483707	8	27483707
Chr_8_27483841	8	27483841
Chr_8_27483918	8	27483918
Chr_8_27483929	8	27483929
Chr_8_27483930	8	27483930
Chr_8_27483944	8	27483944
Chr_8_27483945	8	27483945
Chr_8_27483979	8	27483979
Chr_8_27484017	8	27484017
Chr_8_27484085	8	27484085
Chr_8_27484115	8	27484115
Chr_8_27484281	8	27484281
Chr_8_27484682	8	27484682
Chr_8_27492630	8	27492630
Chr_8_27492954	8	27492954
Chr_8_27493068	8	27493068
Chr_8_27518925	8	27518925
Chr_8_27518983	8	27518983
Chr_8_27524289	8	27524289
Chr_8_27524715	8	27524715
Chr_8_27524932	8	27524932
Chr_8_27525620	8	27525620
Chr_8_27525676	8	27525676
Chr_8_27525809	8	27525809
Chr_8_27526588	8	27526588
Chr_8_27526770	8	27526770
Chr_8_27527413	8	27527413
Chr_8_27527657	8	27527657
Chr_8_27528752	8	27528752
Chr_8_27528753	8	27528753
Chr_8_27538441	8	27538441
Chr_8_27538627	8	27538627
Chr_8_27546608	8	27546608
Chr_8_27547451	8	27547451
Chr_8_27549244	8	27549244
Chr_8_27558884	8	27558884
Chr_8_27560404	8	27560404
Chr_8_27560705	8	27560705
Chr_8_27561312	8	27561312
Chr_8_27562090	8	27562090
Chr_8_27565880	8	27565880
Chr_8_27565898	8	27565898
Chr_8_27565907	8	27565907
Chr_8_27574072	8	27574072
Chr_8_27574238	8	27574238
Chr_8_27574282	8	27574282
Chr_8_27574503	8	27574503
Chr_8_27574570	8	27574570
Chr_8_27574683	8	27574683
Chr_8_27741503	8	27741503
Chr_8_27744626	8	27744626
Chr_8_27744910	8	27744910
Chr_8_27751497	8	27751497
Chr_8_27755110	8	27755110
Chr_8_27755399	8	27755399
Chr_8_27755557	8	27755557
Chr_8_27783336	8	27783336
Chr_8_27802670	8	27802670
Chr_8_27811573	8	27811573
Chr_8_27898041	8	27898041
Chr_8_27898249	8	27898249
Chr_8_27898311	8	27898311
Chr_8_27901421	8	27901421
Chr_8_27901424	8	27901424
Chr_8_27901445	8	27901445
Chr_8_27901466	8	27901466
Chr_8_27901470	8	27901470
Chr_8_27901471	8	27901471
Chr_8_27901497	8	27901497
Chr_8_27901509	8	27901509
Chr_8_27901591	8	27901591
Chr_8_27901629	8	27901629
Chr_8_27963395	8	27963395
Chr_8_28055085	8	28055085
Chr_8_28058600	8	28058600
Chr_8_28178127	8	28178127
Chr_8_28179329	8	28179329
Chr_8_28182862	8	28182862
Chr_8_28208278	8	28208278
Chr_8_28225931	8	28225931
Chr_8_28237207	8	28237207
Chr_8_28248285	8	28248285
Chr_8_28293666	8	28293666
Chr_8_28294073	8	28294073
Chr_8_28294259	8	28294259
Chr_8_28301299	8	28301299
Chr_8_28344406	8	28344406
Chr_8_28441938	8	28441938
Chr_8_28777103	8	28777103
Chr_8_28779576	8	28779576
Chr_8_28779687	8	28779687
Chr_8_28780027	8	28780027
Chr_8_28782818	8	28782818
Chr_8_28787097	8	28787097
Chr_8_28787776	8	28787776
Chr_8_28789898	8	28789898
Chr_8_28791858	8	28791858
Chr_8_28795664	8	28795664
Chr_8_28795688	8	28795688
Chr_8_28799482	8	28799482
Chr_8_30616670	8	30616670
Chr_8_30629717	8	30629717
Chr_8_30665225	8	30665225
Chr_8_30665324	8	30665324
Chr_8_30665616	8	30665616
Chr_8_30669843	8	30669843
Chr_8_30677500	8	30677500
Chr_8_30683892	8	30683892
Chr_8_30685278	8	30685278
Chr_8_30685602	8	30685602
Chr_8_30686985	8	30686985
Chr_8_30687756	8	30687756
Chr_8_30689031	8	30689031
Chr_8_30689135	8	30689135
Chr_8_30689240	8	30689240
Chr_8_30689241	8	30689241
Chr_8_30690012	8	30690012
Chr_8_30690134	8	30690134
Chr_8_30691130	8	30691130
Chr_8_30691338	8	30691338
Chr_8_30691346	8	30691346
Chr_8_30691430	8	30691430
Chr_8_30693523	8	30693523
Chr_8_30694634	8	30694634
Chr_8_30695417	8	30695417
Chr_8_30695503	8	30695503
Chr_8_30695983	8	30695983
Chr_8_30696040	8	30696040
Chr_8_30696469	8	30696469
Chr_8_30697829	8	30697829
Chr_8_30698665	8	30698665
Chr_8_30698947	8	30698947
Chr_8_30699468	8	30699468
Chr_8_30699796	8	30699796
Chr_8_30711488	8	30711488
Chr_8_30712414	8	30712414
Chr_8_30717573	8	30717573
Chr_8_30717936	8	30717936
Chr_8_30720634	8	30720634
Chr_8_30725097	8	30725097
Chr_8_30725385	8	30725385
Chr_8_30725449	8	30725449
Chr_8_30725699	8	30725699
Chr_8_30763607	8	30763607
Chr_8_30764543	8	30764543
Chr_8_30855630	8	30855630
Chr_8_30856031	8	30856031
Chr_8_30856063	8	30856063
Chr_8_30856995	8	30856995
Chr_8_30857021	8	30857021
Chr_8_30857189	8	30857189
Chr_8_30857215	8	30857215
Chr_8_30857238	8	30857238
Chr_8_30857246	8	30857246
Chr_8_30857252	8	30857252
Chr_8_30857300	8	30857300
Chr_8_30861078	8	30861078
Chr_8_30865456	8	30865456
Chr_8_30865481	8	30865481
Chr_8_30868047	8	30868047
Chr_8_30869006	8	30869006
Chr_8_30869050	8	30869050
Chr_8_30869074	8	30869074
Chr_8_30889042	8	30889042
Chr_8_30890881	8	30890881
Chr_8_30893407	8	30893407
Chr_8_30893874	8	30893874
Chr_8_30896058	8	30896058
Chr_8_30897277	8	30897277
Chr_8_30904229	8	30904229
Chr_8_30904230	8	30904230
Chr_8_30904242	8	30904242
Chr_8_30904266	8	30904266
Chr_8_30904665	8	30904665
Chr_8_30909432	8	30909432
Chr_8_30909958	8	30909958
Chr_8_30913699	8	30913699
Chr_8_30913839	8	30913839
Chr_8_30913843	8	30913843
Chr_8_30914860	8	30914860
Chr_8_30914861	8	30914861
Chr_8_30915041	8	30915041
Chr_8_30915800	8	30915800
Chr_8_30915860	8	30915860
Chr_8_30915862	8	30915862
Chr_8_30916070	8	30916070
Chr_8_30917995	8	30917995
Chr_8_30919789	8	30919789
Chr_8_30919950	8	30919950
Chr_8_30920269	8	30920269
Chr_8_30920272	8	30920272
Chr_8_30923422	8	30923422
Chr_8_30923424	8	30923424
Chr_8_30927320	8	30927320
Chr_8_30929025	8	30929025
Chr_8_30929026	8	30929026
Chr_8_30929199	8	30929199
Chr_8_30930255	8	30930255
Chr_8_30930377	8	30930377
Chr_8_30930409	8	30930409
Chr_8_30931808	8	30931808
Chr_8_30932053	8	30932053
Chr_8_30933153	8	30933153
Chr_8_30933260	8	30933260
Chr_8_30933772	8	30933772
Chr_8_30934050	8	30934050
Chr_8_30934270	8	30934270
Chr_8_30934974	8	30934974
Chr_8_30936559	8	30936559
Chr_8_30936560	8	30936560
Chr_8_30936575	8	30936575
Chr_8_30939528	8	30939528
Chr_8_30939645	8	30939645
Chr_8_30939700	8	30939700
Chr_8_30939701	8	30939701
Chr_8_30939740	8	30939740
Chr_8_30939809	8	30939809
Chr_8_30939864	8	30939864
Chr_8_30939922	8	30939922
Chr_8_30940161	8	30940161
Chr_8_30940185	8	30940185
Chr_8_30940195	8	30940195
Chr_8_30940428	8	30940428
Chr_8_30940440	8	30940440
Chr_8_30940513	8	30940513
Chr_8_30940631	8	30940631
Chr_8_30940760	8	30940760
Chr_8_30940912	8	30940912
Chr_8_30941230	8	30941230
Chr_8_30941256	8	30941256
Chr_8_30941318	8	30941318
Chr_8_30944195	8	30944195
Chr_8_30944737	8	30944737
Chr_8_30944774	8	30944774
Chr_8_30946896	8	30946896
Chr_8_30946923	8	30946923
Chr_8_30946945	8	30946945
Chr_8_30949130	8	30949130
Chr_8_30951727	8	30951727
Chr_8_30951791	8	30951791
Chr_8_30952098	8	30952098
Chr_8_30952483	8	30952483
Chr_8_30952501	8	30952501
Chr_8_30952505	8	30952505
Chr_8_30952835	8	30952835
Chr_8_30952855	8	30952855
Chr_8_30955962	8	30955962
Chr_8_30956007	8	30956007
Chr_8_30956135	8	30956135
Chr_8_30956183	8	30956183
Chr_8_30956342	8	30956342
Chr_8_30956396	8	30956396
Chr_8_30956467	8	30956467
Chr_8_30958295	8	30958295
Chr_8_30968494	8	30968494
Chr_8_30968531	8	30968531
Chr_8_30968567	8	30968567
Chr_8_30968582	8	30968582
Chr_8_30968616	8	30968616
Chr_8_30968653	8	30968653
Chr_8_30968682	8	30968682
Chr_8_30968698	8	30968698
Chr_8_30968710	8	30968710
Chr_8_30968788	8	30968788
Chr_8_30968840	8	30968840
Chr_8_30970277	8	30970277
Chr_8_30970279	8	30970279
Chr_8_30970379	8	30970379
Chr_8_30970578	8	30970578
Chr_8_30970624	8	30970624
Chr_8_30971028	8	30971028
Chr_8_30971336	8	30971336
Chr_8_30972035	8	30972035
Chr_8_30973175	8	30973175
Chr_8_30974559	8	30974559
Chr_8_30978485	8	30978485
Chr_8_30978549	8	30978549
Chr_8_30979874	8	30979874
Chr_8_30980745	8	30980745
Chr_8_30981692	8	30981692
Chr_8_30982437	8	30982437
Chr_8_30984812	8	30984812
Chr_8_30985452	8	30985452
Chr_8_30985560	8	30985560
Chr_8_30986564	8	30986564
Chr_8_30986985	8	30986985
Chr_8_30988132	8	30988132
Chr_8_30989392	8	30989392
Chr_8_30990832	8	30990832
Chr_8_30991769	8	30991769
Chr_8_30992054	8	30992054
Chr_8_30994036	8	30994036
Chr_8_30995806	8	30995806
Chr_8_30998297	8	30998297
Chr_8_31004292	8	31004292
Chr_8_31004300	8	31004300
Chr_8_31004457	8	31004457
Chr_8_31005592	8	31005592
Chr_8_31005981	8	31005981
Chr_8_31005994	8	31005994
Chr_8_31006452	8	31006452
Chr_8_31006599	8	31006599
Chr_8_31006796	8	31006796
Chr_8_31037652	8	31037652
Chr_8_31037678	8	31037678
Chr_8_31038834	8	31038834
Chr_8_31039327	8	31039327
Chr_8_31049619	8	31049619
Chr_8_31055335	8	31055335
Chr_8_31055367	8	31055367
Chr_8_31055429	8	31055429
Chr_8_31055621	8	31055621
Chr_8_31055624	8	31055624
Chr_8_31055631	8	31055631
Chr_8_31057629	8	31057629
Chr_8_31060172	8	31060172
Chr_8_31060173	8	31060173
Chr_8_31060953	8	31060953
Chr_8_31061070	8	31061070
Chr_8_31061288	8	31061288
Chr_8_31063678	8	31063678
Chr_8_31063700	8	31063700
Chr_8_31063965	8	31063965
Chr_8_31071011	8	31071011
Chr_8_31073539	8	31073539
Chr_8_31077052	8	31077052
Chr_8_31077159	8	31077159
Chr_8_31077495	8	31077495
Chr_8_31081731	8	31081731
Chr_8_31090627	8	31090627
Chr_8_31092353	8	31092353
Chr_8_31099664	8	31099664
Chr_8_31101771	8	31101771
Chr_8_31105851	8	31105851
Chr_8_31118886	8	31118886
Chr_8_31121465	8	31121465
Chr_8_31121982	8	31121982
Chr_8_31122163	8	31122163
Chr_8_31122578	8	31122578
Chr_8_31124367	8	31124367
Chr_8_31125299	8	31125299
Chr_8_31125300	8	31125300
Chr_8_31127491	8	31127491
Chr_8_31129171	8	31129171
Chr_8_31129341	8	31129341
Chr_8_31174834	8	31174834
Chr_8_31181382	8	31181382
Chr_8_31185856	8	31185856
Chr_8_31264763	8	31264763
Chr_8_31271976	8	31271976
Chr_8_31276236	8	31276236
Chr_8_31276290	8	31276290
Chr_8_31276604	8	31276604
Chr_8_31276689	8	31276689
Chr_8_31276690	8	31276690
Chr_8_31288933	8	31288933
Chr_8_31291802	8	31291802
Chr_8_31292464	8	31292464
Chr_8_31292500	8	31292500
Chr_8_31292733	8	31292733
Chr_8_31292788	8	31292788
Chr_8_31292989	8	31292989
Chr_8_31293004	8	31293004
Chr_8_31293969	8	31293969
Chr_8_31295551	8	31295551
Chr_8_31295557	8	31295557
Chr_8_31296156	8	31296156
Chr_8_31296682	8	31296682
Chr_8_31296987	8	31296987
Chr_8_31297017	8	31297017
Chr_8_31297177	8	31297177
Chr_8_31297483	8	31297483
Chr_8_31298692	8	31298692
Chr_8_31298868	8	31298868
Chr_8_31299071	8	31299071
Chr_8_31304513	8	31304513
Chr_8_31309519	8	31309519
Chr_8_31321359	8	31321359
Chr_8_31321400	8	31321400
Chr_8_31321703	8	31321703
Chr_8_31321727	8	31321727
Chr_8_31323249	8	31323249
Chr_8_31324784	8	31324784
Chr_8_31324900	8	31324900
Chr_8_31325363	8	31325363
Chr_8_31325562	8	31325562
Chr_8_31329958	8	31329958
Chr_8_31331025	8	31331025
Chr_8_31331522	8	31331522
Chr_8_31331658	8	31331658
Chr_8_31332018	8	31332018
Chr_8_31332103	8	31332103
Chr_8_31334821	8	31334821
Chr_8_31335035	8	31335035
Chr_8_31336414	8	31336414
Chr_8_31336756	8	31336756
Chr_8_31336815	8	31336815
Chr_8_31337183	8	31337183
Chr_8_31339088	8	31339088
Chr_8_31342647	8	31342647
Chr_8_31347819	8	31347819
Chr_8_31370904	8	31370904
Chr_8_31434540	8	31434540
Chr_8_31514134	8	31514134
Chr_8_31531297	8	31531297
Chr_8_31547912	8	31547912
Chr_8_31550235	8	31550235
Chr_8_31560254	8	31560254
Chr_8_31563611	8	31563611
Chr_8_31731331	8	31731331
Chr_8_31866289	8	31866289
Chr_8_32677427	8	32677427
Chr_8_32801484	8	32801484
Chr_8_32847214	8	32847214
Chr_8_32849701	8	32849701
Chr_8_32855990	8	32855990
Chr_8_32886393	8	32886393
Chr_8_32923143	8	32923143
Chr_8_32954797	8	32954797
Chr_8_32995222	8	32995222
Chr_8_32997020	8	32997020
Chr_8_33053525	8	33053525
Chr_9_107576	9	107576
Chr_9_107620	9	107620
Chr_9_111620	9	111620
Chr_9_111737	9	111737
Chr_9_111746	9	111746
Chr_9_111846	9	111846
Chr_9_114042	9	114042
Chr_9_114044	9	114044
Chr_9_114834	9	114834
Chr_9_114846	9	114846
Chr_9_114941	9	114941
Chr_9_115046	9	115046
Chr_9_115060	9	115060
Chr_9_176905	9	176905
Chr_9_2801871	9	2801871
Chr_9_4148740	9	4148740
Chr_9_4671374	9	4671374
Chr_9_8128673	9	8128673
Chr_9_8128711	9	8128711
Chr_9_8128715	9	8128715
Chr_9_8128742	9	8128742
Chr_9_8128747	9	8128747
Chr_9_8128761	9	8128761
Chr_9_8128767	9	8128767
Chr_9_8128788	9	8128788
Chr_9_8128797	9	8128797
Chr_9_8128798	9	8128798
Chr_9_8128808	9	8128808
Chr_9_8128820	9	8128820
Chr_9_8128821	9	8128821
Chr_9_8128839	9	8128839
Chr_9_8128876	9	8128876
Chr_9_8128878	9	8128878
Chr_9_9848242	9	9848242
Chr_9_9893492	9	9893492
Chr_9_9893509	9	9893509
Chr_9_9893606	9	9893606
Chr_9_9893609	9	9893609
Chr_9_9893613	9	9893613
Chr_9_9893628	9	9893628
Chr_9_9894038	9	9894038
Chr_9_9894157	9	9894157
Chr_9_9894201	9	9894201
Chr_9_11455097	9	11455097
Chr_9_11491345	9	11491345
Chr_9_11499682	9	11499682
Chr_9_11568023	9	11568023
Chr_9_20531995	9	20531995
Chr_9_20574335	9	20574335
Chr_9_20574504	9	20574504
Chr_9_20574609	9	20574609
Chr_9_20574862	9	20574862
Chr_9_20581884	9	20581884
Chr_9_27584338	9	27584338
Chr_9_27584432	9	27584432
Chr_9_31123356	9	31123356
Chr_9_31123628	9	31123628
Chr_9_31123637	9	31123637
Chr_9_31123652	9	31123652
Chr_9_31124013	9	31124013
Chr_9_31221766	9	31221766
Chr_9_31566504	9	31566504
Chr_9_31566844	9	31566844
Chr_9_32840222	9	32840222
Chr_9_32888194	9	32888194
Chr_9_32888347	9	32888347
Chr_9_33859052	9	33859052
Chr_9_34135362	9	34135362
Chr_9_34140143	9	34140143
Chr_9_34150420	9	34150420
Chr_9_34150483	9	34150483
Chr_9_34152002	9	34152002
Chr_9_34154161	9	34154161
Chr_9_34154235	9	34154235
Chr_9_34154496	9	34154496
Chr_9_34154531	9	34154531
Chr_9_34154576	9	34154576
Chr_9_34154653	9	34154653
Chr_9_34154725	9	34154725
Chr_9_34154726	9	34154726
Chr_9_34154728	9	34154728
Chr_9_34154749	9	34154749
Chr_9_34154758	9	34154758
Chr_9_34154770	9	34154770
Chr_9_34154783	9	34154783
Chr_9_34154867	9	34154867
Chr_9_34154938	9	34154938
Chr_9_34155032	9	34155032
Chr_9_34155381	9	34155381
Chr_9_34155552	9	34155552
Chr_9_34155695	9	34155695
Chr_9_34155910	9	34155910
Chr_9_34155979	9	34155979
Chr_9_34156026	9	34156026
Chr_9_34156645	9	34156645
Chr_9_34156969	9	34156969
Chr_9_34214589	9	34214589
Chr_9_34216973	9	34216973
Chr_9_34221120	9	34221120
Chr_9_34222579	9	34222579
Chr_9_34227236	9	34227236
Chr_9_34230669	9	34230669
Chr_9_34230957	9	34230957
Chr_9_34231029	9	34231029
Chr_9_34231899	9	34231899
Chr_9_34233967	9	34233967
Chr_9_34233968	9	34233968
Chr_9_34243316	9	34243316
Chr_9_34243344	9	34243344
Chr_9_34243345	9	34243345
Chr_9_34243350	9	34243350
Chr_9_34243353	9	34243353
Chr_9_34243428	9	34243428
Chr_9_34243449	9	34243449
Chr_9_34243464	9	34243464
Chr_9_34243490	9	34243490
Chr_9_34243547	9	34243547
Chr_9_34243657	9	34243657
Chr_9_34243672	9	34243672
Chr_9_34243763	9	34243763
Chr_9_34243773	9	34243773
Chr_9_34243887	9	34243887
Chr_9_34243901	9	34243901
Chr_9_34243956	9	34243956
Chr_9_34247953	9	34247953
Chr_9_34248516	9	34248516
Chr_9_34251633	9	34251633
Chr_9_34251674	9	34251674
Chr_9_34251961	9	34251961
Chr_9_34252300	9	34252300
Chr_9_34252383	9	34252383
Chr_9_34256562	9	34256562
Chr_9_34256628	9	34256628
Chr_9_34256722	9	34256722
Chr_9_34257025	9	34257025
Chr_9_34257030	9	34257030
Chr_9_34257193	9	34257193
Chr_9_34259168	9	34259168
Chr_9_34260620	9	34260620
Chr_9_34260628	9	34260628
Chr_9_34260648	9	34260648
Chr_9_34261147	9	34261147
Chr_9_34261148	9	34261148
Chr_9_34261155	9	34261155
Chr_9_34261267	9	34261267
Chr_9_34261300	9	34261300
Chr_9_34262926	9	34262926
Chr_9_34263013	9	34263013
Chr_9_34263238	9	34263238
Chr_9_35250858	9	35250858
Chr_9_35258726	9	35258726
Chr_9_37189163	9	37189163
Chr_9_40166762	9	40166762
Chr_9_40714973	9	40714973
Chr_9_41393848	9	41393848
Chr_9_42747741	9	42747741
Chr_9_43813798	9	43813798
Chr_9_43937999	9	43937999
Chr_9_45160613	9	45160613
Chr_9_50937170	9	50937170
Chr_9_50969583	9	50969583
Chr_9_51155896	9	51155896
Chr_9_51156052	9	51156052
Chr_9_51158913	9	51158913
Chr_9_51159369	9	51159369
Chr_9_51159898	9	51159898
Chr_9_51161486	9	51161486
Chr_9_51161654	9	51161654
Chr_9_51162123	9	51162123
Chr_9_51162496	9	51162496
Chr_9_51162910	9	51162910
Chr_9_51162930	9	51162930
Chr_9_51163022	9	51163022
Chr_9_51165917	9	51165917
Chr_9_51166077	9	51166077
Chr_9_51167142	9	51167142
Chr_9_51167152	9	51167152
Chr_9_51167240	9	51167240
Chr_9_51167378	9	51167378
Chr_9_51167725	9	51167725
Chr_9_51168187	9	51168187
Chr_9_51171418	9	51171418
Chr_9_51172696	9	51172696
Chr_9_51172992	9	51172992
Chr_9_51180892	9	51180892
Chr_9_51180894	9	51180894
Chr_9_51183339	9	51183339
Chr_9_51183983	9	51183983
Chr_9_51185255	9	51185255
Chr_9_51185291	9	51185291
Chr_9_51185701	9	51185701
Chr_9_51186170	9	51186170
Chr_9_51186355	9	51186355
Chr_9_51186425	9	51186425
Chr_9_51186514	9	51186514
Chr_9_51187263	9	51187263
Chr_9_51187520	9	51187520
Chr_9_51187762	9	51187762
Chr_9_51187912	9	51187912
Chr_9_51188190	9	51188190
Chr_9_51190839	9	51190839
Chr_9_51190840	9	51190840
Chr_9_51191361	9	51191361
Chr_9_51191394	9	51191394
Chr_9_51191905	9	51191905
Chr_9_51192227	9	51192227
Chr_9_51192885	9	51192885
Chr_9_51193457	9	51193457
Chr_9_51193641	9	51193641
Chr_9_51193737	9	51193737
Chr_9_51193951	9	51193951
Chr_9_51194392	9	51194392
Chr_9_51195122	9	51195122
Chr_9_51198792	9	51198792
Chr_9_51198817	9	51198817
Chr_9_51198845	9	51198845
Chr_9_51210236	9	51210236
Chr_9_51210467	9	51210467
Chr_9_51210898	9	51210898
Chr_9_51211474	9	51211474
Chr_9_51212800	9	51212800
Chr_9_51212938	9	51212938
Chr_9_51213801	9	51213801
Chr_9_51213802	9	51213802
Chr_9_51213933	9	51213933
Chr_9_51213959	9	51213959
Chr_9_51214520	9	51214520
Chr_9_51214931	9	51214931
Chr_9_51215229	9	51215229
Chr_9_51215673	9	51215673
Chr_9_51215885	9	51215885
Chr_9_51216022	9	51216022
Chr_9_51216110	9	51216110
Chr_9_51216111	9	51216111
Chr_9_51216463	9	51216463
Chr_9_51217414	9	51217414
Chr_9_51217775	9	51217775
Chr_9_51217840	9	51217840
Chr_9_51217847	9	51217847
Chr_9_51218279	9	51218279
Chr_9_51218295	9	51218295
Chr_9_51220725	9	51220725
Chr_9_51221195	9	51221195
Chr_9_51232308	9	51232308
Chr_9_51233251	9	51233251
Chr_9_51234764	9	51234764
Chr_9_51235372	9	51235372
Chr_9_51241415	9	51241415
Chr_9_51251038	9	51251038
Chr_9_51962687	9	51962687
Chr_9_52312611	9	52312611
Chr_9_52679195	9	52679195
Chr_9_57083384	9	57083384
Chr_9_57083410	9	57083410
Chr_9_57083440	9	57083440
Chr_9_57083445	9	57083445
Chr_9_57083453	9	57083453
Chr_9_57083468	9	57083468
Chr_9_57083469	9	57083469
Chr_9_57083503	9	57083503
Chr_9_57083512	9	57083512
Chr_9_57083537	9	57083537
Chr_9_57084026	9	57084026
Chr_9_57084027	9	57084027
Chr_9_57084061	9	57084061
Chr_9_57084071	9	57084071
Chr_9_57084106	9	57084106
Chr_9_57084225	9	57084225
Chr_9_57084230	9	57084230
Chr_9_57084243	9	57084243
Chr_9_57084246	9	57084246
Chr_9_57084254	9	57084254
Chr_9_57084265	9	57084265
Chr_9_57084270	9	57084270
Chr_9_57084356	9	57084356
Chr_9_57084382	9	57084382
Chr_9_57084385	9	57084385
Chr_9_57084548	9	57084548
Chr_9_57084576	9	57084576
Chr_9_57084739	9	57084739
Chr_9_57084763	9	57084763
Chr_9_57084813	9	57084813
Chr_9_57088581	9	57088581
Chr_9_57088600	9	57088600
Chr_9_57088723	9	57088723
Chr_9_57089028	9	57089028
Chr_9_57089123	9	57089123
Chr_9_57090294	9	57090294
Chr_9_57090345	9	57090345
Chr_9_57090430	9	57090430
Chr_9_57090433	9	57090433
Chr_9_57091414	9	57091414
Chr_9_57093584	9	57093584
Chr_9_57094029	9	57094029
Chr_9_57094502	9	57094502
Chr_9_57094513	9	57094513
Chr_9_57106385	9	57106385
Chr_9_57106808	9	57106808
Chr_9_57107268	9	57107268
Chr_9_57107685	9	57107685
Chr_9_57854971	9	57854971
Chr_9_59944675	9	59944675
Chr_9_60006853	9	60006853
Chr_9_60007027	9	60007027
Chr_9_60017623	9	60017623
